FORMA|LEMMA|ETIMO|LANG|POS|FUNCT|MSD|SIGLE
coment|coment|QUOMODO||ADV||Int
priant|Priam|||PROPN||Masc,Sing,Nom
.||||||
le|le|ILLE||DET||ArtDef,Masc,Sing
fiz|fil2|FILIUS||NOUN||Masc,Sing,Nom
li|le|ILLE||DET||ArtDef,Masc,Sing
roi|roi|REX||NOUN||Masc,Sing,Acc
laomedon|Laomedon|||PROPN||Masc,Sing,Acc
.||||||
nen|non|NON||ADV||Neg
estoit|estre1|ESSE||VERB||Fin,Ind,Imp,Intr,3,Sing
adonc|adonc|DUNC||ADV||
à|a3|AD||ADP||
troie|Troie|||PROPN||Fem,Sing
et|et|ET||CCONJ||
li|le|ILLE||DET||ArtDef,Masc,Sing
duel|duel|DOLUS||NOUN||Masc,Sing,Acc
q’|queque|QUID||PRON||Rel,Acc
il|il|ILLE||PRON||Prs,3,Masc,Sing,Nom
fist|faire|FACERE||VERB||Fin,Ind,Past,Intr,3,Sing
quant|cant1|QUANDO||SCONJ||
il|il|ILLE||PRON||Prs,3,Masc,Sing,Nom
sot|savoir|SAPERE||VERB||Fin,Ind,Past,Act,Trans,3,Sing
les|le|ILLE||DET||ArtDef,Fem,Plur
novelles|novele|NOVELLUS||NOUN||Fem,Plur
de|de|DE||ADP||
la|le|ILLE||DET||ArtDef,Fem,Sing
destrution|destructïon|DESTRUERE||NOUN||Fem,Sing
de|de|DE||ADP||
la|le|ILLE||DET||ArtDef,Fem,Sing
cité|cité|CIVITAS||NOUN||Fem,Sing
.||||||
or|or4|HORA||ADV||Tim
dit|dire|DICERE||VERB||Fin,Ind,Pres,Intr,3,Sing
li|le|ILLE||DET||ArtDef,Masc,Sing
contes|conte2|COMPUTUS||NOUN||Masc,Sing,Nom
qe|queque|QUID||SCONJ||
li|le|ILLE||DET||ArtDef,Masc,Sing
roi|roi|REX||NOUN||Masc,Sing,Nom
laomedon|Laomedon|||PROPN||Masc,Sing,Nom
avoit|avoir|HABERE||VERB||Fin,Ind,Imp,Act,Trans,3,Sing
un|un|UNUS||DET||ArtIndef,Masc,Sing
fiz|fil2|FILIUS||NOUN||Masc,Sing,Acc
qui|qui|QUI||PRON||Rel,Nom
avoit|avoir|HABERE||VERB||Fin,Ind,Imp,Act,Trans,3,Sing
non|nom|NOMEN||NOUN||Masc,Sing,Acc
priant|Priam|||PROPN||Masc,Sing,Acc
.||||||
celui|cel|ILLE||DET||Dem,Masc,Sing,Nom
priant|Priam|||PROPN||Masc,Sing,Nom
nen|non|NON||ADV||Neg
estoit|estre1|ESSE||VERB||Fin,Ind,Imp,Intr,3,Sing
adonc|adonc|DUNC||ADV||
à|a3|AD||ADP||
troie|Troie|||PROPN||Fem,Sing
quant|cant1|QUANDO||SCONJ||
la|le|ILLE||DET||ArtDef,Fem,Sing
destrution|destructïon|DESTRUERE||NOUN||Fem,Sing
fu|estre1|ESSE||VERB|auxPass|Fin,Ind,Past,3,Sing,MWEs
fete|faire|FACERE||VERB|compPass|Ind,Part,Past,Sing,Fem,MWEs
car|car|QUARE||SCONJ||
son|suen|SUUS||DET||Poss,Masc,Sing,Nom
pere|pere2|PATER||NOUN||Masc,Sing,Nom
l’|le|ILLE||PRON||Prs,3,Masc,Sing,Acc
avoit|avoir|HABERE||VERB|auxTens|Fin,Ind,Imp,3,Sing,MWEs
envoié|envoiier|INVIARE||VERB|compPass|Ind,Part,Past,Sing,Masc,MWEs
en|en1|IN||ADP||
host|ost|HOSTIS||NOUN||Masc,Sing,Acc
por|por2|PRO||ADP||
asegier|assegier|SEDICARE||VERB||Ind,Inf,Pres,Act,Trans
un|un|UNUS||DET||ArtIndef,Masc,Sing
chastel|chastel|CASTELLUM||NOUN||Masc,Sing,Acc
.||||||
mes|mais1|MAGIS2||CCONJ||
quant|cant1|QUANDO||SCONJ||
à|a3|AD||ADP||
cestui|cest|ISTE||DET||Dem,Masc,Sing,Acc
priant|Priam|||PROPN||Masc,Sing,Acc
fu|estre1|ESSE||VERB|auxPass|Fin,Ind,Past,3,Sing,MWEs
dit|dire|DICERE||VERB||Fin,Ind,Past,Act,Trans,3,Sing
et|et|ET||CCONJ||
conté|conter|COMPUTARE||VERB|compPass|Ind,Part,Past,Sing,Masc,MWEs
ensi_come|ainsi|SIC||ADV|Adv|MWEs
troie|Troie|||PROPN||Fem,Sing
avoit|avoir|HABERE||VERB|auxTens|Fin,Ind,Imp,3,Sing,MWEs
esté|estre1|ESSE||VERB|auxPass|Ind,Part,Past,Sing,Fem,MWEs
destruite|destruire|DESTRUERE||VERB|compPass|Ind,Part,Past,Sing,Fem,MWEs
et|et|ET||CCONJ||
esillee|essillier|EXILIARE||VERB|compPass|Ind,Part,Past,Sing,Fem,MWEs
et|et|ET||CCONJ||
por|por2|PRO||ADP||
qel|quel1|QUALIS||DET||Int,Fem,Sing
mainiere|maniere|MANUARIUS||NOUN||Fem,Sing
.||||||
et|et|ET||CCONJ||
qe|queque|QUID||SCONJ||
son|suen|SUUS||DET||Poss,Masc,Sing,Nom
pere|pere2|PATER||NOUN||Masc,Sing,Nom
et|et|ET||CCONJ||
sa|suen|SUUS||DET||Poss,Fem,Sing
mere|mere|MATER||NOUN||Fem,Sing
avoit|avoir|HABERE||VERB|auxTens|Fin,Ind,Imp,3,Sing,MWEs
esté|estre1|ESSE||VERB|auxPass|Ind,Part,Past,Sing,Fem,MWEs
hocis|ocire|OCCIDERE||VERB|compPass|Ind,Part,Past,Plur,Masc,MWEs
et|et|ET||CCONJ||
detrenchés|detrenchier|*TRINICARE||VERB|compPass|Ind,Part,Past,Plur,Masc,MWEs
et|et|ET||CCONJ||
ses|suen|SUUS||DET||Poss,Fem,Plur
feroit|faire|FACERE||VERB||Fin,Cnd,Pres,Act,Trans,3,Sing
ausi|aussi|SIC||ADV||
fors|fors1|FORAS||ADP||
etsionan|Esionam|||PROPN||Fem,Sing
seulement|solement|SOLUS||ADV||
qe|queque|QUID||PRON||Rel,Acc
talemon|Talemon|||PROPN||Masc,Sing,Nom
avoit|avoir|HABERE||VERB|auxTens|Fin,Ind,Imp,3,Sing,MWEs
menee|mener|MINARE||VERB|compTens|Ind,Part,Past,Sing,Fem,MWEs
en|en1|IN||ADP||
servaje|servage|SERVUS||NOUN||Masc,Sing,Acc
.||||||
il|il|ILLE||PRON||Prs,3,Masc,Sing,Nom
en|en2|INDE||PRON||
fu|estre1|ESSE||VERB|auxCop|Fin,Ind,Past,3,Sing
moult|mout|MULTUS||ADV||
doulent|dolent|DOLERE||ADJ||Masc,Sing,Nom
et|et|ET||CCONJ||
moult|mout|MULTUS||ADV||
corociés|corrocier|*CORRUPTUM||VERB|Adj|Ind,Part,Past,Sing,Masc
houtre|outre1|ULTRA||ADP||
se|ce1|HOC||PRON||Dem,Neut,Sing,Acc
qe|queque|QUID||PRON||Rel,Nom
cuor|cuer2|COR||NOUN||Masc,Sing,Nom
d’|de|DE||ADP||
ome|ome|HOMO||NOUN||Masc,Sing,Acc
peüst|pöoir|POSSE||VERB|auxMod|Fin,Sub,Imp,3,Sing
penser|penser|PENSARE||VERB||Ind,Inf,Pres,Intr
et|et|ET||CCONJ||
dire|dire|DICERE||VERB||Ind,Inf,Pres,Intr
.||||||
il|il|ILLE||PRON||Prs,3,Masc,Sing,Nom
comensa|comencier|COMINITIARE||VERB||Fin,Ind,Past,Act,Trans,3,Sing
son|suen|SUUS||DET||Poss,Masc,Sing,Acc
duel|duel|DOLUS||NOUN||Masc,Sing,Acc
et|et|ET||CCONJ||
sa|suen|SUUS||DET||Poss,Fem,Sing
plainte|plainte|PLANGERE||NOUN||Fem,Sing
desmesuree|desmesurer|MENSURARE||VERB|Adj|Ind,Part,Past,Sing,Fem
en|en1|IN||ADP||
tel|tel|TALIS||DET||Ind,Fem,Sing
mainiere|maniere|MANUARIUS||NOUN||Fem,Sing
.||||||
.||||||
biau|bel|BELLUS||ADJ||Masc,Sing,Nom
pere|pere2|PATER||NOUN||Masc,Sing,Nom
doux|douz|DULCIS||ADJ||Masc,Sing,Nom
.||||||
qe|queque|QUID||DET||Int
grant|grant|GRANDIS||ADJ||Masc,Sing,Nom
damaje|damage|DAMNUM||NOUN||Masc,Sing,Nom
est|estre1|ESSE||VERB|auxCop|Fin,Ind,Pres,3,Sing
il|il|ILLE||PRON||Prs,3,Neut,Sing,Nom
de|de|DE||ADP||
vos|vos|VOS||PRON||Prs,2,Plur,Acc
et|et|ET||CCONJ||
de|de|DE||ADP||
vostre|vostre|VESTER||DET||Poss,Fem,Sing
valor|valor|VALOR||NOUN||Fem,Sing
et|et|ET||CCONJ||
de|de|DE||ADP||
vostre|vostre|VESTER||DET||Poss,Fem,Sing
bonté|bonté|BONITAS||NOUN||Fem,Sing
et|et|ET||CCONJ||
de|de|DE||ADP||
vostre|vostre|VESTER||DET||Poss,Fem,Sing
aute|haut|ALTUS||ADJ||Fem,Sing
lingnee|ligniee|LINEA||NOUN||Fem,Sing
.||||||
qi|qui|QUI||PRON||Int,Sing,Nom
lle|le|ILLE||PRON||Prs,3,Fem,Plur,Acc
poira|pöoir|POSSE||VERB|auxMod|Fin,Ind,Fut,3,Sing
jamés|ja|JAM||ADV||Tim
restourer|restorer|RESTAURARE||VERB||Ind,Inf,Pres,Act,Trans
.||||||
biau|bel|BELLUS||ADJ||Masc,Sing,Nom
pere|pere2|PATER||NOUN||Masc,Sing,Nom
.||||||
por_qoi|por2|PRO/QUID||ADV||Int
ne|ne1|NON||ADV||Neg
sui|estre1|ESSE||VERB||Fin,Ind,Pres,Intr,1,Sing
je|je|EGO||PRON||Prs,1,Sing,Nom
mort|morir|MORI||VERB|compTens|Ind,Part,Past,Sing,Masc,MWEs
avec|avuec|AB HOC||ADP||
vos|vos|VOS||PRON||Prs,2,Plur,Acc
ausi_com|aussi|SIC||ADV|Adv|MWEs
fu|estre1|ESSE||VERB|auxTens|Fin,Ind,Past,3,Sing,MWEs
ma|mon1|MEUS||DET||Poss,Fem,Sing
mere|mere|MATER||NOUN||Fem,Sing
et|et|ET||CCONJ||
mes|mon1|MEUS||DET||Poss,Fem,Plur
serors|seror|SOROR||NOUN||Fem,Plur
.||||||
qi|qui|QUI||PRON||Rel,Nom
de|de|DE||ADP||
valor|valor|VALOR||NOUN||Fem,Sing
et|et|ET||CCONJ||
de|de|DE||ADP||
biauté|biauté|BELLUS||NOUN||Fem,Sing
pasoient|passer1|*PASSARE||VERB||Fin,Ind,Imp,Act,Trans,3,Plur
toutes|tot|TOTUS||DET||Ind,Fem,Plur
les|le|ILLE||DET||ArtDef,Fem,Plur
feme|feme|FEMINA||NOUN||Fem,Plur
dou|de|DE||ADP||PrepArt
monde|monde1|MUNDUS1||NOUN||Masc,Sing,Acc
.||||||
haï_las||||||
.||||||
porqoi|por2|PRO/QUID||ADV||Int
ne|ne1|NON||ADV||Neg
muer|morir|MORI||VERB||Fin,Ind,Pres,Intr,1,Sing
je|je|EGO||PRON||Prs,1,Sing,Nom
tot_maintenat||||||
por_ce_qe|por2|PRO||ADP|SConj |MWEs
je|je|EGO||PRON||Prs,1,Sing,Nom
ne|ne1|NON||ADV||Neg
veïsse|vëoir|VIDERE||VERB||Fin,Sub,Imp,Act,Trans,1,Sing
si|si|SIC||ADV||
fete|faire|FACERE||VERB|Adj|Ind,Part,Past,Sing,Fem
doulor|dolor|DOLOR||NOUN||Fem,Sing
.||||||
aï||||||
noble|noble2|NOBILIS||ADJ||Fem,Sing
chevalerie|chevalerie|CABALLARIUS||NOUN||Fem,Sing
de|de|DE||ADP||
troie|Troie|||PROPN||Fem,Sing
.||||||
à|a3|AD||ADP||
com|come1|QUOMODO||ADV||
grant|grant|GRANDIS||ADJ||Fem,Sing
joie|joie|GAUDIUM||NOUN||Fem,Sing
me|moi|ME||PRON||Prs,1,Sing,Acc
parti|partir|PARTIRE||VERB||Fin,Ind,Past,Rfl,3,Sing
de|de|DE||ADP||
vos|vos|VOS||PRON||Prs,2,Plur,Acc
et|et|ET||CCONJ||
hore|or4|HORA||ADV||Tim
est|estre1|ESSE||VERB|auxPass|Fin,Ind,Pres,3,Sing,MWEs
ensi|ainsi|SIC||ADV||
perie|perir|PERIRE||VERB|compTens|Ind,Part,Past,Sing,Fem,MWEs
et|et|ET||CCONJ||
desritee|desireter|HEREDITARE||VERB|compPass|Ind,Part,Past,Sing,Fem,MWEs
et|et|ET||CCONJ||
hocise|ocire|OCCIDERE||VERB|compPass|Ind,Part,Past,Sing,Fem,MWEs
et|et|ET||CCONJ||
detrenchee|detrenchier|*TRINICARE||VERB|compPass|Ind,Part,Past,Sing,Fem,MWEs
ho|avuec|AB HOC||ADP||
tot|tot|TOTUS||DET||Ind,Fem,Sing
vostre|vostre|VESTER||DET||Poss,Fem,Sing
gentil|gentil|GENTILIS||NOUN||Fem,Sing
mainees|maisniee|MANSIO||NOUN||Fem,Sing
.||||||
peries|perir|PERIRE||VERB|compTens|Ind,Part,Past,Plur,Fem,MWEs
sont|estre1|ESSE||VERB|auxTens|Fin,Ind,Pres,3,Plur,MWEs
les|le|ILLE||DET||ArtDef,Fem,Plur
hautes|haut|ALTUS||ADJ||Fem,Plur
dames|dame|DOMINA||NOUN||Fem,Plur
et|et|ET||CCONJ||
les|le|ILLE||DET||ArtDef,Fem,Plur
hautes|haut|ALTUS||ADJ||Fem,Plur
damoiselles|damoisele|*DOMNICELLA||NOUN||Fem,Plur
et|et|ET||CCONJ||
menee|mener|MINARE||VERB|compPass|Ind,Part,Past,Sing,Fem,MWEs
en|en1|IN||ADP||
servaje|servage|SERVUS||NOUN||Masc,Sing,Acc
.||||||
et|et|ET||CCONJ||
avec|avuec|AB HOC||ADP||
tot|tot|TOTUS||DET||Ind,Fem,Sing
ceste|cest|ISTE||DET||Dem,Fem,Sing
grant|grant|GRANDIS||ADJ||Fem,Sing
doulor|dolor|DOLOR||NOUN||Fem,Sing
est|estre1|ESSE||VERB|auxPass|Fin,Ind,Pres,3,Sing,MWEs
menee|mener|MINARE||VERB|compPass|Ind,Part,Past,Sing,Fem,MWEs
en|en1|IN||ADP||
servaje|servage|SERVUS||NOUN||Masc,Sing,Acc
ma|mon1|MEUS||DET||Poss,Fem,Sing
suor|seror|SOROR||NOUN||Fem,Sing
esionan|Esionam|||PROPN||Fem,Sing
.||||||
haï_las||||||
bone|bon|BONUS||ADJ||Fem,Sing
cité|cité|CIVITAS||NOUN||Fem,Sing
et|et|ET||CCONJ||
riche|riche|RîKI||ADJ||Fem,Sing
et|et|ET||CCONJ||
noble|noble2|NOBILIS||ADJ||Fem,Sing
qi|qui|QUI||PRON||Rel,Nom
hore|or4|HORA||ADV||Tim
est|estre1|ESSE||VERB|auxPass|Fin,Ind,Pres,3,Sing,MWEs
esilliee|essillier|EXILIARE||VERB|compPass|Ind,Part,Past,Sing,Fem,MWEs
et|et|ET||CCONJ||
gastee|gaster|VASTARE||VERB|compPass|Ind,Part,Past,Sing,Fem,MWEs
.||||||
quel|quel1|QUALIS||DET||Exc,Masc,Sing,Nom
damaje|damage|DAMNUM||NOUN||Masc,Sing,Nom
.||||||
qel|quel1|QUALIS||DET||Exc,Masc,Sing,Nom
doulor|dolor|DOLOR||NOUN||Masc,Sing,Nom
.||||||
qi|qui|QUI||PRON||Int,Sing,Nom
le|le|ILLE||PRON||Prs,3,Masc,Sing,Acc
poira|pöoir|POSSE||VERB|auxMod|Fin,Ind,Fut,3,Sing
jamés|ja|JAM||ADV||Tim
restorer|restorer|RESTAURARE||VERB||Ind,Inf,Pres,Act,Trans
.||||||
certes|certes|CERTUS||ADV||
nuls|nul|NULLUS||PRON||Ind,Sing,Nom
.||||||
si_com|si|SIC||ADV|SConj |MWEs
je|je|EGO||PRON||Prs,1,Sing,Nom
croi|croire|CREDERE||VERB||Fin,Ind,Pres,Intr,1,Sing
.||||||
priant|Priam|||PROPN||Masc,Sing,Nom
.||||||
cheitif|chaitif|CAPTIVUS||ADJ||Masc,Sing,Nom
et|et|ET||CCONJ||
dolereus|doloros|DOLOROSUS||ADJ||Masc,Sing,Nom
.||||||
desormés|desormais|HORA||ADV||Tim
es|estre|ESSE||VERB|auxCop|Fin,Ind,Pres,2,Sing
tu|tu|TU||PRON||Prs,2,Sing,Nom
seür|sëur2|SECURUS||ADJ||Masc,Sing,Nom
de|de|DE||ADP||
vivre|vivre1|VIVERE||VERB||Ind,Inf,Pres,Intr
le|le|ILLE||DET||ArtDef,Masc,Sing
remanant|remanant|REMANERE||NOUN||Masc,Sing,Acc
de|de|DE||ADP||
ta|ton4|TUUS||DET||Poss,Fem,Sing
vie|vie1|VITA||NOUN||Fem,Sing
à|a3|AD||ADP||
doulor|dolor|DOLOR||NOUN||Masc,Sing,Acc
et|et|ET||CCONJ||
à|a3|AD||ADP||
martir|martir|MARTYR||NOUN||Masc,Sing,Acc
.||||||
.||||||
.||||||
en|en1|IN||ADP||
tel|tel|TALIS||DET||Ind,Fem,Sing
mainiere|maniere|MANUARIUS||NOUN||Fem,Sing
plaingnoit|plaindre|PLANGERE||VERB||Fin,Ind,Imp,Intr,3,Sing
et|et|ET||CCONJ||
se|soi|SE||PRON||Prs,3,Sing,Acc
dementoit|dementer|DEMENTARE||VERB||Fin,Ind,Imp,Rfl,3,Sing
priant|Priam|||PROPN||Masc,Sing,Nom
.||||||
com|come1|QUOMODO||SCONJ||
je|je|EGO||PRON||Prs,1,Sing,Nom
vos|vos|VOS||PRON||Prs,2,Plur,Acc
ai|avoir|HABERE||VERB||Fin,Ind,Pres,Act,Trans,1,Sing
dit|dire|DICERE||VERB||Fin,Ind,Pres,Act,Trans,3,Sing
et|et|ET||CCONJ||
conté|conter|COMPUTARE||VERB|compTens|Ind,Part,Past,Sing,Masc,MWEs
.||||||
por|por2|PRO||ADP||
les|le|ILLE||DET||ArtDef,Fem,Plur
novelles|novele|NOVELLUS||NOUN||Fem,Plur
de|de|DE||ADP||
sa|suen|SUUS||DET||Poss,Fem,Sing
grant|grant|GRANDIS||ADJ||Fem,Sing
perte|perte|PERDERE||NOUN||Fem,Sing
qi|qui|QUI||PRON||Rel,Acc
contees|conter|COMPUTARE||VERB|compPass|Ind,Part,Past,Plur,Fem,MWEs
li|li|ILLE||PRON||Prs,3,Masc,Sing,Acc
furent|estre1|ESSE||VERB|auxPass|Fin,Ind,Past,3,Plur,MWEs
.||||||
voirement|voirement|VERUS||ADV||Man
cestui|cest|ISTE||DET||Dem,Masc,Sing,Nom
priant|Priam|||PROPN||Masc,Sing,Nom
avoit|avoir|HABERE||VERB||Fin,Ind,Imp,Act,Trans,3,Sing
avec|avuec|AB HOC||ADP||
li|li|ILLE||PRON||Prs,3,Masc,Sing,Acc
sa|suen|SUUS||DET||Poss,Fem,Sing
fame|feme|FEMINA||NOUN||Fem,Sing
.||||||
qi|qui|QUI||PRON||Rel,Nom
ecuba|Hécube|||PROPN||Fem,Sing
estoit|estre1|ESSE||VERB|auxPass|Fin,Ind,Imp,3,Sing,MWEs
apellee|apeler|APPELLARE||VERB|compPass|Ind,Part,Past,Sing,Fem,MWEs
par|par|PER||ADP||
son|suen|SUUS||DET||Poss,Masc,Sing,Acc
droi|droit|DIRECTUS||ADJ||Masc,Sing,Acc
nom|nom|NOMEN||NOUN||Masc,Sing,Acc
.||||||
q’|queque|QUID||PRON||Rel,Acc
il|il|ILLE||PRON||Prs,3,Masc,Sing,Nom
avoit|avoir|HABERE||VERB|auxTens|Fin,Ind,Imp,3,Sing,MWEs
ho|avuec|AB HOC||ADP||
lui|lui|ILLE||PRON||Prs,3,Sing,Acc
amenee|amener|MINARE||VERB|compTens|Ind,Part,Past,Sing,Fem,MWEs
.||||||
de|de|DE||ADP||
cele|cel|ILLE||DET||Dem,Fem,Sing
dame|dame|DOMINA||NOUN||Fem,Sing
avoit|avoir|HABERE||VERB||Fin,Ind,Imp,Act,Trans,3,Sing
priant|Priam|||PROPN||Masc,Sing,Nom
viii||||||
filz|fil2|FILIUS||NOUN||Masc,Plur,Acc
.||||||
les|le|ILLE||DET||ArtDef,Masc,Plur
v||||||
estoient|estre1|ESSE||VERB|auxCop|Fin,Ind,Imp,3,Plur
masles|masle|MASCULUS||ADJ||Masc,Plur,Nom
et|et|ET||CCONJ||
les|le|ILLE||DET||ArtDef,Fem,Plur
trois|trois1|TRES||NUM||Ord
femelles|femele|FEMELLA||NOUN||Fem,Plur
.||||||
dou_qels|quel1|QUALIS||PRON||Int,Masc,Plur,Acc
horois|öir|AUDIRE||VERB||Fin,Ind,Fut,Act,Trans,2,Plur
les|le|ILLE||DET||ArtDef,Masc,Plur
nons|nom|NOMEN||NOUN||Masc,Plur,Acc
et|et|ET||CCONJ||
lor|lor3|ILLE||DET||Poss,Fem,Plur
vies|vie1|VITA||NOUN||Fem,Plur
et|et|ET||CCONJ||
se|ce1|HOC||PRON||Dem,Neut,Sing,Acc
q’|queque|QUID||PRON||Rel,Acc
il|il|ILLE||PRON||Prs,3,Masc,Plur,Nom
devindrent|devenir|DEVENIRE||VERB||Fin,Ind,Past,Intr,3,Plur
aprés|après|AD PRESSUM||ADV||Tim
.||||||
de|de|DE||ADP||
qel|quel1|QUALIS||DET||Int,Fem,Sing
vaillance|vailance|VALERE||NOUN||Fem,Sing
il|il|ILLE||PRON||Prs,3,Masc,Plur,Nom
furent|estre1|ESSE||VERB||Fin,Ind,Past,Intr,3,Plur
.||||||
coment|coment|QUOMODO||ADV||Int
le|le|ILLE||DET||ArtDef,Masc,Plur
fils|fil2|FILIUS||NOUN||Masc,Plur,Nom
priant|Priam|||PROPN||Masc,Sing,Acc
furent|estre1|ESSE||VERB|auxPass|Fin,Ind,Past,3,Plur,MWEs
només|nomer|NOMINARE||VERB|compPass|Ind,Part,Past,Plur,Masc,MWEs
.||||||
les|le|ILLE||DET||ArtDef,Masc,Sing
premiers|premier|PRIMARIUS||ADJ||Masc,Sing,Nom
des|de|DE||ADP||PrepArt
filz|fil2|FILIUS||NOUN||Masc,Plur,Acc
priant|Priam|||PROPN||Masc,Sing,Acc
avoit|avoir|HABERE||VERB||Fin,Ind,Imp,Act,Trans,3,Sing
a|avoir|HABERE||VERB||Fin,Ind,Pres,Act,Trans,3,Sing
non|nom|NOMEN||NOUN||Masc,Sing,Acc
hector|Hector|||PROPN||Masc,Sing,Acc
.||||||
celui|cel|ILLE||PRON||Dem,Masc,Sing,Nom
estoit|estre1|ESSE||VERB|auxCop|Fin,Ind,Imp,3,Sing
adonc|adonc|DUNC||ADV||
moult|mout|MULTUS||ADV||
biau|bel|BELLUS||ADJ||Masc,Sing,Nom
damoisel|damoisel|*DOMNICELLUS||NOUN||Masc,Sing,Nom
.||||||
mes|mais1|MAGIS2||CCONJ||
hore|or4|HORA||ADV||Tim
ne|ne1|NON||ADV||Neg
vos|vos|VOS||PRON||Prs,2,Plur,Acc
en|en2|INDE||PRON||
dirai|dire|DICERE||VERB||Fin,Ind,Fut,Intr,1,Sing
plus|plus|PLUS||ADV||
por_ce_qe|por2|PRO||ADP|SConj |MWEs
aprés|après|AD PRESSUM||ADV||Tim
horois|öir|AUDIRE||VERB||Fin,Ind,Fut,Act,Trans,2,Plur
de|de|DE||ADP||
ces|ce2|ISTE||DET||Dem,Masc,Plur,Acc
mervoilleuses|merveillos|MIRABILIA||ADJ||Fem,Plur
honies||||||
et|et|ET||CCONJ||
coment|coment|QUOMODO||ADV||Int
il|il|ILLE||PRON||Prs,3,Masc,Sing,Nom
trepassa|trespasser|*PASSARE||VERB||Fin,Ind,Past,Act,Trans,3,Sing
tot|tot|TOTUS||DET||Ind,Masc,Plur,Acc
les|le|ILLE||DET||ArtDef,Masc,Plur
chevaliers|chevalier|CABALLARIUS||NOUN||Masc,Plur,Acc
vivant|vivre1|VIVERE||VERB|Adj|Ind,Part,Pres
de|de|DE||ADP||
proësse|pröece|PRODE||NOUN||Fem,Sing
et|et|ET||CCONJ||
de|de|DE||ADP||
vallor|valor|VALOR||NOUN||Fem,Sing
.||||||
li|le|ILLE||DET||ArtDef,Masc,Sing
segont|secont1|SECUNDUS||ADJ||Masc,Sing,Nom
fiz|fil2|FILIUS||NOUN||Masc,Sing,Nom
priant|Priam|||PROPN||Masc,Sing,Acc
avoit|avoir|HABERE||VERB||Fin,Ind,Imp,Act,Trans,3,Sing
non|nom|NOMEN||NOUN||Masc,Sing,Acc
paris|Paris|||PROPN||Masc,Sing,Acc
.||||||
qi|qui|QUI||PRON||Rel,Nom
estoit|estre1|ESSE||VERB|auxCop|Fin,Ind,Imp,3,Sing
biau|bel|BELLUS||ADJ||Masc,Sing,Nom
sor|sor2|SUPER||ADP||
tos|tot|TOTUS||DET||Ind,Masc,Plur,Acc
autres|autre|ALTER||DET||Ind,Masc,Plur,Nom
de|de|DE||ADP||
cors|cors1|CORPUS||NOUN||Masc,Sing,Acc
et|et|ET||CCONJ||
de|de|DE||ADP||
faison|façon|FACTIO||NOUN||Fem,Sing
.||||||
avec|avuec|AB HOC||ADV||Tim
fu|estre1|ESSE||VERB|auxCop|Fin,Ind,Past,3,Sing
il|il|ILLE||PRON||Prs,3,Masc,Sing,Nom
saje|sage|SAPIDUS||ADJ||Masc,Sing,Nom
et|et|ET||CCONJ||
cortois|cortois|COHORS||ADJ||Masc,Sing,Nom
et|et|ET||CCONJ||
vaillant|valoir|VALERE||VERB|Adj|Ind,Part,Pres
.||||||
li|le|ILLE||DET||ArtDef,Masc,Sing
tiers|tierz|TERTIUS||NUM||Ord
hot|avoir|HABERE||VERB||Fin,Ind,Past,Act,Trans,3,Sing
non|nom|NOMEN||NOUN||Masc,Sing,Acc
deifebus|Deiphebe|||PROPN||Masc,Sing,Nom
.||||||
qi|qui|QUI||PRON||Rel,Nom
bien|bien2|BENE||ADV||Man
fu|estre1|ESSE||VERB|auxCop|Fin,Ind,Past,3,Sing
preus|pro|PRODE||ADJ||Masc,Sing,Nom
et|et|ET||CCONJ||
vaillant|valoir|VALERE||VERB|Adj|Ind,Part,Pres
de|de|DE||ADP||
son|suen|SUUS||DET||Poss,Masc,Sing,Acc
cors|cors1|CORPUS||NOUN||Masc,Sing,Acc
.||||||
li|le|ILLE||DET||ArtDef,Masc,Sing
qart|cart|QUARTUS||NUM||Ord
hot|avoir|HABERE||VERB||Fin,Ind,Past,Act,Trans,3,Sing
non|nom|NOMEN||NOUN||Masc,Sing,Acc
helenus|Helenus|||PROPN||Masc,Sing,Nom
.||||||
qi|qui|QUI||PRON||Rel,Nom
moult|mout|MULTUS||ADV||
fu|estre1|ESSE||VERB|auxCop|Fin,Ind,Past,3,Sing
saje|sage|SAPIDUS||ADJ||Masc,Sing,Nom
deivin|devin2|DIVINARE||NOUN||Masc,Sing,Nom
car|car|QUARE||SCONJ||
il|il|ILLE||PRON||Prs,3,Masc,Sing,Nom
devinoit|deviner|DIVINARE||VERB||Fin,Ind,Imp,Act,Trans,3,Sing
et|et|ET||CCONJ||
descovroit|descovrir|COOPERIRE||VERB||Fin,Ind,Imp,Act,Trans,3,Sing
moult_de||||||
chouses|chose|CAUSA||NOUN||Fem,Plur
sacrees|sacrer|SACRARE||VERB|Adj|Ind,Part,Past,Plur,Fem
.||||||
li|le|ILLE||DET||ArtDef,Masc,Sing
quit|quint|QUINTUS||NUM||Ord
hot|avoir|HABERE||VERB||Fin,Ind,Past,Act,Trans,3,Sing
non|nom|NOMEN||NOUN||Masc,Sing,Acc
troielus|Troïlus|||PROPN||Masc,Sing,Acc
.||||||
cestui|cest|ISTE||DET||Dem,Masc,Sing,Nom
troielus|Troïlus|||PROPN||Masc,Sing,Nom
fu|estre1|ESSE||VERB|auxCop|Fin,Ind,Past,3,Sing
moult|mout|MULTUS||ADV||
grant|grant|GRANDIS||ADJ||Masc,Sing,Nom
et|et|ET||CCONJ||
fornis|fornir|*FRUMJAN||VERB|Adj|Ind,Part,Past,Sing,Masc
de|de|DE||ADP||
son|suen|SUUS||DET||Poss,Masc,Sing,Acc
cors|cors1|CORPUS||NOUN||Masc,Sing,Acc
et|et|ET||CCONJ||
chevalier|chevalier|CABALLARIUS||NOUN||Masc,Sing,Nom
de|de|DE||ADP||
moult|mout|MULTUS||ADV||
aut|haut|ALTUS||ADJ||Masc,Sing,Acc
afaire|afaire|FACERE||NOUN||Masc,Sing,Acc
.||||||
il|il|ILLE||PRON||Prs,3,Masc,Sing,Nom
fist|faire|FACERE||VERB||Fin,Ind,Past,Intr,3,Sing
de|de|DE||ADP||
moult|mout|MULTUS||ADV||
grant|grant|GRANDIS||ADJ||Fem,Plur
chevaleries|chevalerie|CABALLARIUS||NOUN||Fem,Plur
et|et|ET||CCONJ||
maint|maint|*MANIGIþô-||DET||Ind,Masc,Plur,Acc
tornoi|tornoi|TORNARE||NOUN||Masc,Plur,Acc
vainqui|veintre|VINCERE||VERB||Fin,Ind,Past,Act,Trans,3,Sing
par|par|PER||ADP||
son|suen|SUUS||DET||Poss,Masc,Sing,Acc
cors|cors1|CORPUS||NOUN||Masc,Sing,Acc
seulement|solement|SOLUS||ADV||
.||||||
des|un|UNUS||DET||ArtIndef,Fem,Plur
filles|fille|FILIA||NOUN||Fem,Plur
avoit|avoir|HABERE||VERB||Fin,Ind,Imp,Act,Trans,3,Sing
non|nom|NOMEN||NOUN||Masc,Sing,Acc
l’|le|ILLE||DET||ArtDef,Fem,Sing
annee|ainzné|ANTENATUS||ADJ||Fem,Sing
andromacha|Andromaque|||PROPN||Fem,Sing
.||||||
qi|qui|QUI||PRON||Rel,Nom
moult|mout|MULTUS||ADV||
fu|estre1|ESSE||VERB|auxCop|Fin,Ind,Past,3,Sing
saje|sage|SAPIDUS||ADJ||Masc,Sing,Nom
et|et|ET||CCONJ||
senee|sené2|SINNO-||ADJ||Fem,Sing
à|a3|AD||ADP||
mervoille|merveille|MIRABILIA||NOUN||Fem,Sing
.||||||
sa|suen|SUUS||DET||Poss,Fem,Sing
biauté|biauté|BELLUS||NOUN||Fem,Sing
et|et|ET||CCONJ||
sa|suen|SUUS||DET||Poss,Fem,Sing
cortesie|cortoisie|COHORS||NOUN||Fem,Sing
estoit|estre1|ESSE||VERB|auxCop|Fin,Ind,Imp,3,Sing
mervoilleuse|merveillos|MIRABILIA||ADJ||Fem,Sing
à|a3|AD||ADP||
remirer|remirer|MIRARI||VERB||Ind,Inf,Pres,Act,Trans
.||||||
la|le|ILLE||DET||ArtDef,Fem,Sing
segonde|secont1|SECUNDUS||ADJ||Fem,Sing
avoit|avoir|HABERE||VERB||Fin,Ind,Imp,Act,Trans,3,Sing
non|nom|NOMEN||NOUN||Masc,Sing,Acc
casandre|Cassandre|||PROPN||Fem,Sing
.||||||
ceste|cest|ISTE||DET||Dem,Fem,Sing
casandre|Cassandre|||PROPN||Fem,Sing
savoit|savoir|SAPERE||VERB|auxMod|Fin,Ind,Imp,3,Sing
moult|mout|MULTUS||ADV||
bien|bien2|BENE||ADV||Man
devenir|deviner|DIVINARE||VERB||Ind,Inf,Pres,Act,Trans
por|por2|PRO||ADP||
son|suen|SUUS||DET||Poss,Masc,Sing,Acc
sens|sens|SENSUS||NOUN||Masc,Sing,Acc
et|et|ET||CCONJ||
por|por2|PRO||ADP||
son|suen|SUUS||DET||Poss,Masc,Sing,Acc
savoir|savoir|SAPERE||VERB|Noun|Ind,Inf,Pres
.||||||
la|le|ILLE||DET||ArtDef,Fem,Sing
tierce|tierz|TERTIUS||NUM||Ord
avoit|avoir|HABERE||VERB||Fin,Ind,Imp,Act,Trans,3,Sing
non|nom|NOMEN||NOUN||Masc,Sing,Acc
polisenan|Polixène|||PROPN||Fem,Sing
.||||||
cele|cel|ILLE||DET||Dem,Fem,Sing
polisenan|Polixène|||PROPN||Fem,Sing
vos|vos|VOS||PRON||Prs,2,Plur,Acc
di|dire|DICERE||VERB||Fin,Ind,Pres,Intr,1,Sing
veraiement|veraiement|*VERACUS||ADV||Man
qe|queque|QUID||SCONJ||
en|en1|IN||ADP||
troie|Troie|||PROPN||Fem,Sing
et|et|ET||CCONJ||
en|en1|IN||ADP||
tot|tot|TOTUS||DET||Ind,Masc,Sing,Acc
le|le|ILLE||DET||ArtDef,Masc,Sing
païs|päis|PAGENSIS||NOUN||Masc,Sing,Acc
nen|non|NON||ADV||Neg
avoit|avoir|HABERE||VERB||Fin,Ind,Imp,Intr,3,Sing
feme|feme|FEMINA||NOUN||Fem,Sing
de|de|DE||ADP||
sa|suen|SUUS||DET||Poss,Fem,Sing
biauté|biauté|BELLUS||NOUN||Fem,Sing
.||||||
coment|coment|QUOMODO||ADV||Int
priant|Priam|||PROPN||Masc,Sing,Nom
refist|refaire2|FACERE||VERB||Fin,Ind,Past,Act,Trans,3,Sing
sa|suen|SUUS||DET||Poss,Fem,Sing
cité|cité|CIVITAS||NOUN||Fem,Sing
.||||||
priant|Priam|||PROPN||Masc,Sing,Nom
avoit|avoir|HABERE||VERB||Fin,Ind,Imp,Act,Trans,3,Sing
encore|encore|HORA||ADV||
xxx||||||
filz|fil2|FILIUS||NOUN||Masc,Plur,Acc
non|non|NON||ADV||Neg
mie|mie1|MICA||ADV||Neg
de|de|DE||ADP||
sa|suen|SUUS||DET||Poss,Fem,Sing
feme|feme|FEMINA||NOUN||Fem,Sing
.||||||
se|ce1|HOC||PRON||Dem,Neut,Sing,Acc
trovons|trover|*TROPARE||VERB||Fin,Ind,Pres,Act,Trans,1,Plur
lisans|lire1|LEGERE||VERB||Ind,Part,Pres,Act,Trans
.||||||
mes|mais1|MAGIS2||CCONJ||
l’|le|ILLE||DET||ArtDef,Fem,Sing
estoire|estoire1|HISTORIA||NOUN||Fem,Sing
nos|nos|NOS||PRON||Prs,1,Plur,Acc
raconte|raconter|COMPUTARE||VERB||Fin,Ind,Pres,Act,Trans,3,Sing
q’|queque|QUID||SCONJ||
il|il|ILLE||PRON||Prs,3,Masc,Plur,Nom
estoient|estre1|ESSE||VERB|auxCop|Fin,Ind,Imp,3,Plur
toz|tot|TOTUS||DET||Ind,Masc,Plur,Nom
chevaliers|chevalier|CABALLARIUS||NOUN||Masc,Plur,Nom
preuz|pro|PRODE||ADJ||Masc,Plur,Nom
et|et|ET||CCONJ||
vaillant|valoir|VALERE||VERB|Adj|Ind,Part,Pres
.||||||
quant|cant1|QUANDO||SCONJ||
priant|Priam|||PROPN||Masc,Sing,Nom
hot|avoir|HABERE||VERB|auxTens|Fin,Ind,Past,3,Sing,MWEs
son|suen|SUUS||DET||Poss,Masc,Sing,Acc
duel|duel|DOLUS||NOUN||Masc,Sing,Acc
finé|finer|FINIRE||VERB|compTens|Ind,Part,Past,Sing,Masc,MWEs
en|en1|IN||ADP||
tel|tel|TALIS||DET||Ind,Fem,Sing
mainiere|maniere|MANUARIUS||NOUN||Fem,Sing
com|come1|QUOMODO||SCONJ||
je|je|EGO||PRON||Prs,1,Sing,Nom
vos|vos|VOS||PRON||Prs,2,Plur,Acc
ai|avoir|HABERE||VERB||Fin,Ind,Pres,Act,Trans,1,Sing
contés|conter|COMPUTARE||VERB|compTens|Ind,Part,Past,Sing,Masc,MWEs
.||||||
il|il|ILLE||PRON||Prs,3,Masc,Sing,Nom
se|soi|SE||PRON||Prs,3,Sing,Acc
parti|partir|PARTIRE||VERB||Fin,Ind,Past,Rfl,3,Sing
dou|de|DE||ADP||PrepArt
siegne|siege|SEDICARE||NOUN||Masc,Sing,Acc
dou|de|DE||ADP||PrepArt
chastel|chastel|CASTELLUM||NOUN||Masc,Sing,Acc
là_où|là|ILLAC||ADV|Adv|Loc,MWEs
il|il|ILLE||PRON||Prs,3,Masc,Sing,Nom
estoit|estre1|ESSE||VERB||Fin,Ind,Imp,Intr,3,Sing
.||||||
puis|puis|POSTEA||ADV||Tim
s’|soi|SE||PRON||Prs,3,Sing,Acc
en|en2|INDE||PRON||
vint|venir|VENIRE||VERB||Fin,Ind,Past,Rfl,3,Sing
à|a3|AD||ADP||
troie|Troie|||PROPN||Fem,Sing
à_tant_de||||||
gent|gent2|GENITUS||ADJ||Fem,Sing
com|come1|QUOMODO||SCONJ||
il|il|ILLE||PRON||Prs,3,Masc,Sing,Nom
avoit|avoir|HABERE||VERB||Fin,Ind,Imp,Act,Trans,3,Sing
en|en1|IN||ADP||
sa|suen|SUUS||DET||Poss,Fem,Sing
conpaignie|compagnie|COMPANIO||NOUN||Fem,Sing
.||||||
si|si|SIC||ADV||
la|le|ILLE||PRON||Prs,3,Fem,Sing,Acc
trova|trover|*TROPARE||VERB||Fin,Ind,Past,Act,Trans,3,Sing
ensi|ainsi|SIC||ADV||
ensilliee|essillier|EXCIDIUM||VERB|Adj|Ind,Part,Past,Sing,Fem
et|et|ET||CCONJ||
degastee|degaster|VASTARE||VERB|Adj|Ind,Part,Past,Sing,Fem
com|come1|QUOMODO||SCONJ||
je|je|EGO||PRON||Prs,1,Sing,Nom
vos|vos|VOS||PRON||Prs,2,Plur,Acc
ai|avoir|HABERE||VERB||Fin,Ind,Pres,Act,Trans,1,Sing
dit|dire|DICERE||VERB||Fin,Ind,Pres,Act,Trans,3,Sing
.||||||
et|et|ET||CCONJ||
la|le|ILLE||DET||ArtDef,Fem,Sing
gent|gent2|GENITUS||ADJ||Fem,Sing
toute|tot|TOTUS||DET||Ind,Fem,Sing
morte|morir|MORI||VERB||Ind,Part,Past,Sing,Fem
et|et|ET||CCONJ||
prise|prendre|PREHENDERE||VERB||Ind,Part,Past,Sing,Fem
et|et|ET||CCONJ||
foïe|fuir|FUGERE||VERB||Ind,Part,Past,Sing,Fem
.||||||
et|et|ET||CCONJ||
l’|le|ILLE||DET||ArtDef,Masc,Sing
avoir|avoir|HABERE||VERB|Noun|Ind,Inf,Pres
et|et|ET||CCONJ||
le|le|ILLE||DET||ArtDef,Masc,Sing
tresor|tresor|THESAURUS||NOUN||Masc,Sing,Acc
roubés|rober|*RAUBôN||VERB||Ind,Part,Past,Plur,Masc
et|et|ET||CCONJ||
portés|porter|PORTARE||VERB||Ind,Part,Past,Plur,Masc
en|en1|IN||ADP||
greses|Grèce|||PROPN||Fem,Sing
.||||||
et|et|ET||CCONJ||
quant|cant1|QUANDO||SCONJ||
il|il|ILLE||PRON||Prs,3,Masc,Sing,Nom
ot|avoir|HABERE||VERB|auxTens|Fin,Ind,Past,3,Sing,MWEs
ce|ce1|HOC||PRON||Dem,Neut,Sing,Acc
trovés|trover|*TROPARE||VERB|compTens|Ind,Part,Past,Sing,Masc,MWEs
.||||||
il|il|ILLE||PRON||Prs,3,Masc,Plur,Nom
plorerent|plorer|PLORARE||VERB||Fin,Ind,Past,Intr,3,Plur
trois|trois1|TRES||NUM||Ord
jors|jor|DIURNUM||NOUN||Masc,Plur,Acc
tos|tot|TOTUS||DET||Ind,Masc,Plur,Acc
entiers|entier|INTEGER||ADJ||Masc,Sing,Acc
sans|sans|SINE||ADP||
mangier|mangier|MANDUCARE||VERB||Ind,Inf,Pres,Act,Trans
et|et|ET||CCONJ||
sans|sans|SINE||ADP||
boivre|boivre|BIBERE||VERB||Ind,Inf,Pres,Act,Trans
.||||||
por|por2|PRO||ADP||
lor|lor3|ILLE||DET||Poss,Masc,Plur,Acc
amis|ami|AMICUS||NOUN||Masc,Plur,Acc
et|et|ET||CCONJ||
por|por2|PRO||ADP||
lor|lor3|ILLE||DET||Poss,Fem,Sing
cité|cité|CIVITAS||NOUN||Fem,Sing
qi|qui|QUI||PRON||Rel,Nom
estoit|estre1|ESSE||VERB|auxTens|Fin,Ind,Imp,3,Sing,MWEs
ensi|ainsi|SIC||ADV||
alee|aler (GDC)|AMBULARE||VERB|compTens|Ind,Part,Past,Sing,Fem,MWEs
.||||||
quant|cant1|QUANDO||SCONJ||
il|il|ILLE||PRON||Prs,3,Masc,Plur,Nom
orent|avoir|HABERE||VERB|auxTens|Fin,Ind,Past,3,Plur,MWEs
ce|ce1|HOC||PRON||Dem,Neut,Sing,Acc
fet|faire|FACERE||VERB||Fin,Ind,Past,Act,Trans,3,Sing
.||||||
il|il|ILLE||PRON||Prs,3,Masc,Plur,Nom
firent|faire|FACERE||VERB||Fin,Ind,Past,Act,Trans,3,Plur
as|a3|AD||ADP||PrepArt
diex|dieu|DEUS||NOUN||Masc,Plur,Acc
moult|mout|MULTUS||ADV||
grant|grant|GRANDIS||ADJ||Fem,Sing
sacrefices|sacrefise|SACRIFICIUM||NOUN||Masc,Plur,Acc
et|et|ET||CCONJ||
moult|mout|MULTUS||ADV||
grant|grant|GRANDIS||ADJ||Fem,Plur
ofrandes|ofrende|OFFERRE||NOUN||Fem,Plur
.||||||
puis|puis|POSTEA||ADV||Tim
aprés|après|AD PRESSUM||ADV||Tim
consoilla|conseillier3|CONSILIARE||VERB||Fin,Ind,Past,Intr,3,Sing
priant|Priam|||PROPN||Masc,Sing,Nom
à|a3|AD||ADP||
ses|suen|SUUS||DET||Poss,Masc,Plur,Acc
homes|ome|HOMO||NOUN||Masc,Plur,Acc
qi|queque|QUID||SCONJ||
referoient|refaire2|FACERE||VERB||Fin,Ind,Imp,Act,Trans,3,Plur
la|le|ILLE||DET||ArtDef,Fem,Sing
cité|cité|CIVITAS||NOUN||Fem,Sing
plus|plus|PLUS||ADV||
grant|grant|GRANDIS||ADJ||Fem,Sing
et|et|ET||CCONJ||
plus|plus|PLUS||ADV||
defensable|defensable|DEFENSA||ADJ||Fem,Sing
q’|queque|QUID||SCONJ||
elle|il|ILLE||PRON||Prs,3,Fem,Sing,Nom
nen|non|NON||ADV||Neg
estoit|estre1|ESSE||VERB||Fin,Ind,Imp,Intr,3,Sing
devant|devant|ABANTE||ADV||Loc
.||||||
si_q’||||||
il|il|ILLE||PRON||Prs,3,Neut,Sing,Nom
ne|ne1|NON||ADV||Neg
lor|lor2|ILLE||PRON||Prs,3,Plur,Acc
conviegne|covenir|CONVENIRE||VERB||Fin,Sub,Pres,Intr,3,Sing
les|le|ILLE||DET||ArtDef,Masc,Plur
gresois|gregois|GRAECUS||ADJ|Noun|Masc,Plur,Acc
temer|tamoir|TIMERE||VERB||Ind,Inf,Pres,Act,Trans
s’|se|SI||SCONJ||
il|il|ILLE||PRON||Prs,3,Masc,Plur,Nom
le|le|ILLE||PRON||Prs,3,Masc,Plur,Acc
voxissent|voloir|VELLE||VERB|auxMod|Fin,Sub,Imp,3,Plur
asaillir|assalir|*ASSALIRE||VERB||Ind,Inf,Pres,Act,Trans
de|de|DE||ADP||
guerre|guerre|*WERRA||NOUN||Fem,Sing
.||||||
et|et|ET||CCONJ||
puis|puis|POSTEA||ADV||Tim
.||||||
quant|cant1|QUANDO||SCONJ||
il|il|ILLE||PRON||Prs,3,Masc,Plur,Nom
avront|avoir|HABERE||VERB|auxTens|Fin,Ind,Fut,3,Plur,MWEs
se|ce1|HOC||PRON||Dem,Neut,Sing,Acc
fet|faire|FACERE||VERB||Fin,Ind,Past,Act,Trans,3,Sing
.||||||
si|si|SIC||ADV||
poiront|pöoir|POSSE||VERB|auxMod|Fin,Ind,Fut,3,Plur
prendre|prendre|PREHENDERE||VERB||Ind,Inf,Pres,Act,Trans
vengiance|venjance|VINDICARE||NOUN||Fem,Sing
de|de|DE||ADP||
ce_q’|ce1|HOC||PRON|SConj |Dem,Neut,Sing,MWEs
il|il|ILLE||PRON||Prs,3,Masc,Plur,Nom
ont|avoir|HABERE||VERB|auxTens|Fin,Ind,Pres,3,Plur,MWEs
lor|lor2|ILLE||PRON||Prs,3,Plur,Acc
fet|faire|FACERE||VERB||Fin,Ind,Past,Act,Trans,3,Sing
.||||||
à|a3|AD||ADP||
ce|ce1|HOC||PRON||Dem,Neut,Sing,Acc
faire|faire|FACERE||VERB||Ind,Inf,Pres,Act,Trans
ne|ne1|NON||ADV||Neg
prist|prendre|PREHENDERE||VERB||Fin,Ind,Past,Act,Trans,3,Sing
priant|Priam|||PROPN||Masc,Sing,Nom
mie|mie1|MICA||ADV||Neg
lonc|lonc|LONGUS||ADJ||Masc,Sing,Acc
terme|terme|TERMINUS||NOUN||Masc,Sing,Acc
mes|mais1|MAGIS2||CCONJ||
tot|tot|TOTUS||ADV||
avant|avant|ABANTE||ADV||
conmencerent|comencier|COMINITIARE||VERB||Fin,Ind,Past,Act,Trans,3,Plur
il|il|ILLE||PRON||Prs,3,Masc,Plur,Nom
à|a3|AD||ADP||
hovrer|ovrer|OPERARI||VERB||Ind,Inf,Pres,Act,Intr
coment|coment|QUOMODO||ADV||Int
l’|le|ILLE||DET||ArtDef,Fem,Sing
evre|uevre|OPERA||NOUN||Fem,Sing
fust|estre1|ESSE||VERB|auxPass|Fin,Ind,Past,3,Sing,MWEs
miels|mieus|MELIOR||ADV||Cmp
achevee|achever|CAPUT||VERB|compPass|Ind,Part,Past,Sing,Fem,MWEs
.||||||
il|il|ILLE||PRON||Prs,3,Masc,Plur,Nom
troverent|trover|*TROPARE||VERB||Fin,Ind,Past,Act,Trans,3,Plur
premierement|premierement|PRIMARIUS||ADV||
hovriers|ovrier|OPERARIUS||NOUN||Masc,Plur,Acc
à|a3|AD||ADP||
moult|mout|MULTUS||ADV||
grant|grant|GRANDIS||ADJ||Fem,Sing
abandonance|abondance|ABUNDANTIA||NOUN||Fem,Sing
.||||||
puis|puis|POSTEA||ADV||Tim
aprés|après|AD PRESSUM||ADV||Tim
sans|sans|SINE||ADP||
demorer|demorer|DEMORARI||VERB||Ind,Inf,Pres,Intr
firent|faire|FACERE||VERB||Fin,Ind,Past,Act,Trans,3,Plur
les|le|ILLE||DET||ArtDef,Masc,Plur
marbre|marbre|MARMOR||NOUN||Masc,Plur,Acc
trenchier|trenchier1|*TRINICARE||VERB||Ind,Inf,Pres,Act,Trans
et|et|ET||CCONJ||
trer|trere|TRAHERE||VERB||Ind,Inf,Pres,Act,Trans
por|por2|PRO||ADP||
la|le|ILLE||DET||ArtDef,Fem,Sing
cité|cité|CIVITAS||NOUN||Fem,Sing
fer|faire|FACERE||VERB||Ind,Inf,Pres,Act,Trans
.||||||
si|si|SIC||ADV||
vos|vos|VOS||PRON||Prs,2,Plur,Acc
di|dire|DICERE||VERB||Fin,Ind,Pres,Intr,1,Sing
qe|queque|QUID||SCONJ||
nos|nos|NOS||PRON||Prs,1,Plur,Nom
trovons|trover|*TROPARE||VERB||Fin,Ind,Pres,Act,Trans,1,Plur
lisant|lire1|LEGERE||VERB||Ind,Part,Pres,Act,Trans
qe|queque|QUID||SCONJ||
onques|onque|UMQUAM||ADV||Tim
cité|cité|CIVITAS||NOUN||Fem,Sing
nen|non|NON||ADV||Neg
avoit|avoir|HABERE||VERB|auxTens|Fin,Ind,Imp,3,Sing,MWEs
esté|estre1|ESSE||VERB|compTens|Ind,Part,Past,Sing,Fem,MWEs
de|de|DE||ADP||
sa|suen|SUUS||DET||Poss,Fem,Sing
biauté|biauté|BELLUS||NOUN||Fem,Sing
ne|ne1|NON||ADV||Neg
de|de|DE||ADP||
sa|suen|SUUS||DET||Poss,Fem,Sing
grandor|grandor|GRANDIS||NOUN||Fem,Sing
jusque|jusque|USQUE||ADP||
à|a3|AD||ADP||
celui|cel|ILLE||DET||Dem,Masc,Sing,Acc
tenz|tens|TEMPS1||NOUN||Masc,Sing,Acc
q’|queque|QUID||SCONJ||
elle|il|ILLE||PRON||Prs,3,Fem,Sing,Nom
fu|estre1|ESSE||VERB|auxPass|Fin,Ind,Past,3,Sing,MWEs
refete|refaire2|FACERE||VERB|compPass|Ind,Part,Past,Sing,Fem,MWEs
.||||||
car|car|QUARE||SCONJ||
priant|Priam|||PROPN||Masc,Sing,Nom
i|i2|HIC||PRON||
mist|metre2|MITTERE||VERB||Fin,Ind,Past,Act,Trans,3,Sing
toute|tot|TOTUS||DET||Ind,Fem,Sing
sa|suen|SUUS||DET||Poss,Fem,Sing
entente|entente|INTENDERE||NOUN||Fem,Sing
et|et|ET||CCONJ||
tot|tot|TOTUS||DET||Ind,Masc,Sing,Acc
son|suen|SUUS||DET||Poss,Masc,Sing,Acc
pooir|pöoir|POSSE||VERB|Noun|Ind,Inf,Pres
à|a3|AD||ADP||
fere|faire|FACERE||VERB||Ind,Inf,Pres,Act,Trans
la|le|ILLE||PRON||Prs,3,Fem,Sing,Acc
bien|bien2|BENE||ADV||Man
fort|fort|FORTIS||ADJ||Fem,Sing
et|et|ET||CCONJ||
defensable|defensable|DEFENSA||ADJ||Fem,Sing
.||||||
riche|riche|RîKI||ADJ||Fem,Sing
maison|maison|MANSIO||NOUN||Fem,Sing
et|et|ET||CCONJ||
riche|riche|RîKI||ADJ||Masc,Sing,Acc
temple|temple3|TEMPLUM||NOUN||Masc,Sing,Acc
i|i2|HIC||PRON||
fist|faire|FACERE||VERB|auxMod|Fin,Ind,Past,3,Sing
faire|faire|FACERE||VERB||Ind,Inf,Pres,Act,Trans
.||||||
et|et|ET||CCONJ||
riches|riche|RîKI||ADJ||Masc,Plur,Acc
murs|mur|MURUS||NOUN||Masc,Plur,Acc
et|et|ET||CCONJ||
bien|bien2|BENE||ADV||Man
crinellés|crenelé|*CRINARE||ADJ||Masc,Plur,Acc
.||||||
e|et|ET||CCONJ||
torres|tor2|TURRIS||NOUN||Fem,Plur
de_sus|desus|SURSUM||ADP||
le|le|ILLE||DET||ArtDef,Masc,Plur
murs|mur|MURUS||NOUN||Masc,Plur,Acc
et|et|ET||CCONJ||
autes|haut|ALTUS||ADJ||Fem,Plur
et|et|ET||CCONJ||
espeses|espès|SPISSUS||ADJ||Fem,Plur
.||||||
moult|mout|MULTUS||ADV||
près|près|PRESSE||ADV||Loc
l’|le|ILLE||DET||ArtDef,Fem,Sing
une|un|UNUS||PRON||Ind,Fem,Sing
de|de|DE||ADP||
l’|le|ILLE||DET||ArtDef,Fem,Sing
autre|autre|ALTER||PRON||Ind,Fem,Sing
à|a3|AD||ADP||
moins|moins|MINUS||ADV|Adv|MWEs
d’|de|DE||ADP||
une|un|UNUS||DET||ArtIndef,Fem,Sing
archee||||||
.||||||
les|le|ILLE||DET||ArtDef,Masc,Plur
marbre|marbre|MARMOR||NOUN||Masc,Plur,Nom
de|de|DE||ADP||
qoi|coi2|QUID||PRON||Rel,Acc
la|le|ILLE||DET||ArtDef,Fem,Sing
cité|cité|CIVITAS||NOUN||Fem,Sing
estoit|estre1|ESSE||VERB||Fin,Ind,Imp,Intr,3,Sing
estoient|estre1|ESSE||VERB|auxCop|Fin,Ind,Imp,3,Plur
blanc|blanc|*BLANK||ADJ||Masc,Plur,Nom
et|et|ET||CCONJ||
bis|bis|*BOMBYCEUS||ADJ||Masc,Plur,Nom
et|et|ET||CCONJ||
vermoils|vermeil1|VERMICULUS||ADJ||Masc,Plur,Nom
et|et|ET||CCONJ||
indes|inde|INDICUM||ADJ||Masc,Plur,Nom
.||||||
si|si|SIC||ADV||
vos|vos|VOS||PRON||Prs,2,Plur,Acc
di|dire|DICERE||VERB||Fin,Ind,Pres,Intr,1,Sing
veraiement|veraiement|*VERACUS||ADV||Man
qe|queque|QUID||SCONJ||
en|en1|IN||ADP||
poi_de|poi|PAUCUS||ADV|Adv|MWEs
tenz|tens|TEMPS1||NOUN||Masc,Sing,Acc
fu|estre1|ESSE||VERB|auxPass|Fin,Ind,Past,3,Sing,MWEs
la|le|ILLE||DET||ArtDef,Fem,Sing
cité|cité|CIVITAS||NOUN||Fem,Sing
fete|faire|FACERE||VERB|compPass|Ind,Part,Past,Sing,Fem,MWEs
fort|fort|FORTIS||ADJ||Fem,Sing
et|et|ET||CCONJ||
grant|grant|GRANDIS||ADJ||Fem,Sing
et|et|ET||CCONJ||
belle|bel|BELLUS||ADJ||Fem,Sing
plus_qe|plus|PLUS||ADV|Adv|MWEs
nulle|nul|NULLUS||DET||Ind,Fem,Sing
autre|autre|ALTER||DET||Ind,Fem,Sing
qi|qui|QUI||PRON||Rel,Nom
fust|estre1|ESSE||VERB||Fin,Ind,Past,Intr,3,Sing
au|a3|AD||ADP||PrepArt
monde|monde1|MUNDUS1||NOUN||Masc,Sing,Acc
.||||||
les|le|ILLE||DET||ArtDef,Masc,Plur
fossés|fossé|FOSSA||NOUN||Masc,Plur,Nom
et|et|ET||CCONJ||
les|le|ILLE||DET||ArtDef,Masc,Plur
barbacaines|barbacane|BALAHANA||NOUN||Fem,Sing
d_entor|entor|TORNARE||ADV|Adv|Loc,MWEs
furent|estre1|ESSE||VERB|auxCop|Fin,Ind,Past,3,Plur
autes|haut|ALTUS||ADJ||Fem,Plur
et|et|ET||CCONJ||
parfondes|parfont|PROFUNDUS||ADJ||Fem,Plur
et|et|ET||CCONJ||
bien|bien2|BENE||ADV||Man
pavees|paver|PAVIRE||VERB|Adj|Ind,Part,Past,Plur,Fem
.||||||
ensi_com|ainsi|SIC||ADV|Adv|MWEs
à|a3|AD||ADP||
fort|fort|FORTIS||ADJ||Fem,Sing
cité|cité|CIVITAS||NOUN||Fem,Sing
convenoit|covenir|CONVENIRE||VERB||Fin,Ind,Imp,Intr,3,Sing
.||||||
si|si|SIC||ADV||
fort|fort|FORTIS||ADJ||Fem,Sing
estoit|estre1|ESSE||VERB|auxCop|Fin,Ind,Imp,3,Sing
la|le|ILLE||DET||ArtDef,Fem,Sing
cité|cité|CIVITAS||NOUN||Fem,Sing
q’|queque|QUID||SCONJ||
elle|il|ILLE||PRON||Prs,3,Fem,Sing,Nom
ne|ne1|NON||ADV||Neg
cremeroit|cremer1|TREMERE||VERB||Fin,Cnd,Pres,Act,Trans,3,Sing
toute|tot|TOTUS||DET||Ind,Fem,Sing
gresse|Grèce|||PROPN||Fem,Sing
s’|se|SI||SCONJ||
elle|il|ILLE||PRON||Prs,3,Fem,Sing,Nom
i|i2|HIC||PRON||
venist|venir|VENIRE||VERB||Fin,Ind,Past,Intr,3,Sing
por|por2|PRO||ADP||
guerre|guerre|*WERRA||NOUN||Fem,Sing
fere|faire|FACERE||VERB||Ind,Inf,Pres,Act,Trans
.||||||
la|le|ILLE||DET||ArtDef,Fem,Sing
cité|cité|CIVITAS||NOUN||Fem,Sing
duroit|durer|DURARE||VERB||Fin,Ind,Imp,Intr,3,Sing
trois|trois1|TRES||NUM||Ord
jornees|jornee|DIURNUM||NOUN||Fem,Plur
de_lonc|lonc|LONGUS||NOUN|Adv|Masc,Sing
.||||||
le|le|ILLE||DET||ArtDef,Fem,Plur
rues|rüe2|RUGA||NOUN||Fem,Plur
de|de|DE||ADP||
la|le|ILLE||DET||ArtDef,Fem,Sing
cité|cité|CIVITAS||NOUN||Fem,Sing
estoient|estre1|ESSE||VERB|auxPass|Fin,Ind,Imp,3,Plur,MWEs
fetes|faire|FACERE||VERB|compPass|Ind,Part,Past,Plur,Fem,MWEs
toutes|tot|TOTUS||DET||Ind,Fem,Plur
uoucisses||||||
.||||||
en|en1|IN||ADP||
tel|tel|TALIS||DET||Ind,Fem,Sing
mainiere|maniere|MANUARIUS||NOUN||Fem,Sing
qe|queque|QUID||SCONJ||
nuls|nul|NULLUS||PRON||Ind,Sing,Nom
qi|qui|QUI||PRON||Rel,Nom
i|i2|HIC||PRON||
alast|aler (GDC)|AMBULARE||VERB||Fin,Sub,Imp,Intr,3,Sing
ne|ne1|NON||ADV||Neg
se|soi|SE||PRON||Prs,3,Sing,Acc
moillast|moillier|*MOLLIARE||VERB||Fin,Sub,Imp,Act,Trans,3,Sing
les|le|ILLE||DET||ArtDef,Masc,Plur
piez|pié|PES||NOUN||Masc,Plur,Acc
.||||||
et|et|ET||CCONJ||
quant|cant1|QUANDO||SCONJ||
tot_ce|tot|TOTUS||PRON|Pron|Ind,Neut,Sing,Nom,MWEs
fu|estre1|ESSE||VERB|auxPass|Fin,Ind,Past,3,Sing,MWEs
fait|faire|FACERE||VERB|compPass|Ind,Part,Past,Sing,Masc,MWEs
.||||||
priant|Priam|||PROPN||Masc,Sing,Nom
la|le|ILLE||PRON||Prs,3,Fem,Sing,Acc
puepla|popler|POPULUS1||VERB||Fin,Ind,Past,Act,Trans,3,Sing
de|de|DE||ADP||
toutes|tot|TOTUS||DET||Ind,Fem,Plur
les|le|ILLE||DET||ArtDef,Fem,Plur
terres|terre|TERRA||NOUN||Fem,Plur
d_environ|environ|VIBRARE||NOUN|Adv|Masc,Sing,Acc
soi|soi1|SE||PRON||Prs,3,Acc
.||||||
car|car|QUARE||SCONJ||
il|il|ILLE||PRON||Prs,3,Masc,Sing,Nom
fist|faire|FACERE||VERB|auxMod|Fin,Ind,Past,3,Sing
venir|venir|VENIRE||VERB||Ind,Inf,Pres,Intr
les|le|ILLE||DET||ArtDef,Masc,Plur
homes|ome|HOMO||NOUN||Masc,Plur,Acc
et|et|ET||CCONJ||
les|le|ILLE||DET||ArtDef,Fem,Plur
femes|feme|FEMINA||NOUN||Fem,Plur
et|et|ET||CCONJ||
les|le|ILLE||DET||ArtDef,Masc,Plur
petis|petit|*PETTITTUS||ADJ||Masc,Plur,Acc
enfans|enfant|INFANS||NOUN||Masc,Plur,Acc
.||||||
qi|qui|QUI||PRON||Rel,Nom
volentiers|volentiers|VOLUNTARIUS||ADV||Man
i|i2|HIC||PRON||
vindrent|venir|VENIRE||VERB||Fin,Ind,Past,Intr,3,Plur
de|de|DE||ADP||
tot|tot|TOTUS||DET||Ind,Masc,Sing,Acc
l’|le|ILLE||DET||ArtDef,Masc,Sing
enpire|empire|IMPERIUM||NOUN||Masc,Sing,Acc
.||||||
si|si|SIC||ADV||
vos|vos|VOS||PRON||Prs,2,Plur,Acc
di|dire|DICERE||VERB||Fin,Ind,Pres,Intr,1,Sing
qe|queque|QUID||SCONJ||
en|en1|IN||ADP||
poi_de|poi|PAUCUS||ADV|Adv|MWEs
tenz|tens|TEMPS1||NOUN||Masc,Sing,Acc
fu|estre1|ESSE||VERB|auxPass|Fin,Ind,Past,3,Sing,MWEs
la|le|ILLE||DET||ArtDef,Fem,Sing
cité|cité|CIVITAS||NOUN||Fem,Sing
garnie|warnir|*WARNJAN||VERB|compPass|Ind,Part,Past,Sing,Fem,MWEs
et|et|ET||CCONJ||
pueplé|popler|POPULUS1||VERB|compPass|Ind,Part,Past,Sing,Fem,MWEs
de|de|DE||ADP||
bone|bon|BONUS||ADJ||Fem,Sing
gent|gent2|GENITUS||ADJ||Fem,Sing
et|et|ET||CCONJ||
de|de|DE||ADP||
vaillant|valoir|VALERE||VERB|Adj|Ind,Part,Pres
.||||||
coment|coment|QUOMODO||ADV||Int
li|le|ILLE||DET||ArtDef,Masc,Sing
roi|roi|REX||NOUN||Masc,Sing,Nom
priant|Priam|||PROPN||Masc,Sing,Nom
fist|faire|FACERE||VERB|auxMod|Fin,Ind,Past,3,Sing
faire|faire|FACERE||VERB||Ind,Inf,Pres,Act,Trans
ilion|Ilion|||PROPN||Masc,Sing,Acc
son|suen|SUUS||DET||Poss,Masc,Sing,Acc
maistre|maistre2|MAGISTER||ADJ||Masc,Sing,Acc
palais|palais|PALATIUM||NOUN||Masc,Sing,Acc
.||||||
or|or4|HORA||ADV||Tim
vos|vos|VOS||PRON||Prs,2,Plur,Acc
dirai|dire|DICERE||VERB||Fin,Ind,Fut,Intr,1,Sing
coment|coment|QUOMODO||ADV||Int
le|le|ILLE||DET||ArtDef,Masc,Sing
maistre|maistre2|MAGISTER||ADJ||Masc,Sing,Nom
palais|palais|PALATIUM||NOUN||Masc,Sing,Nom
de|de|DE||ADP||
la|le|ILLE||DET||ArtDef,Fem,Sing
ville|vile|VILLA||NOUN||Fem,Sing
fu|estre1|ESSE||VERB|auxPass|Fin,Ind,Past,3,Sing,MWEs
establi|establir|STABILIRE||VERB|compPass|Ind,Part,Past,Sing,Masc,MWEs
.||||||
qi|qui|QUI||PRON||Rel,Nom
fu|estre1|ESSE||VERB|auxPass|Fin,Ind,Past,3,Sing,MWEs
només|nomer|NOMINARE||VERB|compPass|Ind,Part,Past,Plur,Masc,MWEs
ilion|Ilion|||PROPN||Masc,Sing,Nom
.||||||
le_qels|quel1|QUALIS||PRON||Int,Masc,Sing,Acc
priant|Priam|||PROPN||Masc,Sing,Nom
fist|faire|FACERE||VERB|auxMod|Fin,Ind,Past,3,Sing
faire|faire|FACERE||VERB||Ind,Inf,Pres,Act,Trans
por|por2|PRO||ADP||
soi|soi1|SE||PRON||Prs,3,Acc
et|et|ET||CCONJ||
par|par|PER||ADP||
sa|suen|SUUS||DET||Poss,Fem,Sing
mainee|maisniee|MANSIO||NOUN||Fem,Sing
.||||||
qe|queque|QUID||PRON||Rel,Nom
de|de|DE||ADP||
si|si|SIC||ADV||
grant|grant|GRANDIS||ADJ||Fem,Sing
biauté|biauté|BELLUS||NOUN||Fem,Sing
et|et|ET||CCONJ||
de|de|DE||ADP||
si|si|SIC||ADV||
grant|grant|GRANDIS||ADJ||Masc,Sing,Acc
ahornement|aornement|ADORNARE||NOUN||Masc,Sing,Acc
fu|estre1|ESSE||VERB|auxCop|Fin,Ind,Past,3,Sing
qe|queque|QUID||SCONJ||
nuls|nul|NULLUS||PRON||Ind,Sing,Nom
ne|ne1|NON||ADV||Neg
poroit|pöoir|POSSE||VERB|auxMod|Fin,Cnd,Pres,3,Sing
la|le|ILLE||DET||ArtDef,Fem,Sing
fin|fin1|FINIS||NOUN||Fem,Sing
dire|dire|DICERE||VERB||Ind,Inf,Pres,Intr
car|car|QUARE||SCONJ||
il|il|ILLE||PRON||Prs,3,Masc,Sing,Nom
fu|estre1|ESSE||VERB|auxPass|Fin,Ind,Past,3,Sing,MWEs
asis|asseoir (TLF)|SEDERE||VERB|compPass|Ind,Part,Past,Plur,Masc,MWEs
au|a3|AD||ADP||PrepArt
plus|plus|PLUS||ADV||
aut|haut|ALTUS||ADJ||Masc,Sing,Acc
leu|lieu|LOCUS||NOUN||Masc,Sing,Acc
de|de|DE||ADP||
la|le|ILLE||DET||ArtDef,Fem,Sing
cité|cité|CIVITAS||NOUN||Fem,Sing
par|par|PER||ADP||
moult|mout|MULTUS||ADV||
grant|grant|GRANDIS||ADJ||Fem,Sing
maestrie|maistrie|MAGISTER||NOUN||Fem,Sing
.||||||
sor|sor2|SUPER||ADP||
une|un|UNUS||DET||ArtIndef,Fem,Sing
roche|roche3|*ROCCA||NOUN||Fem,Sing
qe|queque|QUID||PRON||Rel,Nom
tote|tot|TOTUS||DET||Ind,Fem,Sing
estoit|estre1|ESSE||VERB|auxPass|Fin,Ind,Imp,3,Sing,MWEs
à|a3|AD||ADP||
conpas|compas|COMPASSARE||NOUN||Masc,Sing,Acc
taillee|taillier1|TALIARE||VERB|compPass|Ind,Part,Past,Sing,Fem,MWEs
.||||||
car|car|QUARE||SCONJ||
dou|de|DE||ADP||PrepArt
pié|pié|PES||NOUN||Masc,Sing,Acc
jusque_au|jusque|USQUE||ADP|Adp|MWEs
somet|somet|SUMMUS||NOUN||Masc,Sing,Acc
aloit|aler (GDC)|AMBULARE||VERB||Fin,Ind,Imp,Intr,3,Sing
degradant|degrader|GRADUS||VERB||Ind,Part,Pres,Intr
ensi_com|ainsi|SIC||ADV|Adv|MWEs
il|il|ILLE||PRON||Prs,3,Neut,Sing,Nom
convenoit|covenir|CONVENIRE||VERB||Fin,Ind,Imp,Intr,3,Sing
.||||||
au|a3|AD||ADP||PrepArt
somet|somet|SUMMUS||NOUN||Masc,Sing,Acc
de|de|DE||ADP||
la|le|ILLE||DET||ArtDef,Fem,Sing
roche|roche3|*ROCCA||NOUN||Fem,Sing
avoit|avoir|HABERE||VERB||Fin,Ind,Imp,Intr,3,Sing
xc||||||
pas|pas|PASSUS1||NOUN||Masc,Plur,Acc
de|de|DE||ADP||
large|large|LARGUS||ADJ|Noun|Masc,Sing,Acc
.||||||
là_où|là|ILLAC||ADV|Adv|Loc,MWEs
helion|Ilion|||PROPN||Masc,Sing,Nom
fu|estre1|ESSE||VERB|auxPass|Fin,Ind,Past,3,Sing,MWEs
asis|asseoir (TLF)|SEDERE||VERB|compPass|Ind,Part,Past,Plur,Masc,MWEs
.||||||
si|si|SIC||ADV||
vos|vos|VOS||PRON||Prs,2,Plur,Acc
di|dire|DICERE||VERB||Fin,Ind,Pres,Intr,1,Sing
qe|queque|QUID||SCONJ||
ceste|cest|ISTE||DET||Dem,Fem,Sing
roche|roche3|*ROCCA||NOUN||Fem,Sing
estoit|estre1|ESSE||VERB|auxCop|Fin,Ind,Imp,3,Sing
si|si|SIC||ADV||
aute|haut|ALTUS||ADJ||Fem,Sing
sor|sor2|SUPER||ADP||
toute|tot|TOTUS||DET||Ind,Fem,Sing
la|le|ILLE||DET||ArtDef,Fem,Sing
cité|cité|CIVITAS||NOUN||Fem,Sing
car|car|QUARE||SCONJ||
.||||||
qi|qui|QUI||PRON||Rel,Nom
bien|bien2|BENE||ADV||Man
la|le|ILLE||PRON||Prs,3,Fem,Sing,Acc
regardoit|regarder|*WARDôN||VERB||Fin,Ind,Imp,Act,Trans,3,Sing
.||||||
il|il|ILLE||PRON||Prs,3,Neut,Sing,Nom
li|li|ILLE||PRON||Prs,3,Masc,Sing,Acc
senbloit|sembler|SIMILARE||VERB||Fin,Ind,Imp,Intr,3,Sing
q’|queque|QUID||SCONJ||
elle|il|ILLE||PRON||Prs,3,Fem,Sing,Nom
tochast|tochier|TOKK-||VERB||Fin,Ind,Past,Act,Trans,3,Sing
as|a3|AD||ADP||PrepArt
nues|nüe|NUBES||NOUN||Fem,Plur
.||||||
dont|dont|UNDE||ADV||
le|le|ILLE||DET||ArtDef,Masc,Sing
païs|päis|PAGENSIS||NOUN||Masc,Sing,Nom
environ|environ|VIBRARE||NOUN|Adv|Masc,Sing,Acc
se|soi|SE||PRON||Prs,3,Sing,Acc
pooit|pöoir|POSSE||VERB|auxMod|Fin,Ind,Pres,3,Sing
tos|tot|TOTUS||DET||Ind,Masc,Sing,Nom
regarder|regarder|*WARDôN||VERB||Ind,Inf,Pres,Act,Trans
et|et|ET||CCONJ||
veoir|vëoir|VIDERE||VERB||Ind,Inf,Pres,Act,Trans
.||||||
tel|tel|TALIS||DET||Ind,Fem,Sing
estoit|estre1|ESSE||VERB|auxCop|Fin,Ind,Imp,3,Sing
la|le|ILLE||DET||ArtDef,Fem,Sing
forteresse|forterece|FORTIS||NOUN||Fem,Sing
de|de|DE||ADP||
cele|cel|ILLE||DET||Dem,Fem,Sing
roche|roche3|*ROCCA||NOUN||Fem,Sing
qe|queque|QUID||SCONJ||
nuls|nul|NULLUS||DET||Ind,Masc,Sing,Nom
engins|engin|INGENIUM||NOUN||Masc,Sing,Nom
n’|ne1|NON||ADV||Neg
i|i2|HIC||PRON||
peüst|pöoir|POSSE||VERB|auxMod|Fin,Sub,Imp,3,Sing
estre|estre1|ESSE||VERB|auxPass|Ind,Inf,Pres,MWEs
menéz|mener|MINARE||VERB|compPass|Ind,Part,Past,Sing,Masc,MWEs
ni|ne2|NEC||CCONJ||
apressés|apresser|PRESSARE||VERB|compPass|Ind,Part,Past,Sing,Masc,MWEs
por|por2|PRO||ADP||
nulle|nul|NULLUS||DET||Ind,Fem,Sing
mainiere|maniere|MANUARIUS||NOUN||Fem,Sing
dou|de|DE||ADP||PrepArt
monde|monde1|MUNDUS1||NOUN||Masc,Sing,Acc
.||||||
les|le|ILLE||DET||ArtDef,Masc,Plur
palais|palais|PALATIUM||NOUN||Masc,Plur,Nom
et|et|ET||CCONJ||
les|le|ILLE||DET||ArtDef,Fem,Plur
maisons|maison|MANSIO||NOUN||Fem,Plur
qi|qui|QUI||PRON||Rel,Nom
estoient|estre1|ESSE||VERB||Fin,Ind,Imp,Intr,3,Plur
dedenz|dedans|DEINTUS||ADP||
estoient|estre1|ESSE||VERB|auxCop|Fin,Ind,Imp,3,Plur
toutes|tot|TOTUS||DET||Ind,Fem,Plur
de|de|DE||ADP||
fin|fin2|FINIS||ADJ||Masc,Sing,Acc
marbre|marbre|MARMOR||NOUN||Masc,Sing,Acc
vers|vert|VIRIDIS||ADJ||Masc,Sing,Acc
et|et|ET||CCONJ||
vermoil|vermeil1|VERMICULUS||ADJ||Masc,Sing,Acc
et|et|ET||CCONJ||
jaun|jaune|GALBINUS||ADJ||Masc,Sing,Acc
et|et|ET||CCONJ||
blef||||||
.||||||
tos|tot|TOTUS||DET||Ind,Masc,Sing,Nom
entaalés|entaillier|TALIARE||VERB|Adj|Ind,Part,Past,Plur,Masc
selonc|selonc|SECUNDUS||ADP||
la|le|ILLE||DET||ArtDef,Fem,Sing
coulor|color|COLOR||NOUN||Fem,Sing
de|de|DE||ADP||
marbre|marbre|MARMOR||NOUN||Masc,Sing,Acc
estoient|estre1|ESSE||VERB|auxCop|Fin,Ind,Imp,3,Plur
tos|tot|TOTUS||DET||Ind,Fem,Plur
natorels|naturel|NATURALIS||ADJ||Fem,Plur
.||||||
non|non|NON||ADV||Neg
mie|mie1|MICA||ADV||Neg
por|por2|PRO||ADP||
pinture|peinture|PICTURA||NOUN||Fem,Sing
mis|metre2|MITTERE||VERB|compPass|Ind,Part,Past,Plur,Fem,MWEs
.||||||
le|le|ILLE||DET||ArtDef,Fem,Plur
finestres|fenestre|FENESTRA||NOUN||Fem,Plur
et|et|ET||CCONJ||
les|le|ILLE||DET||ArtDef,Fem,Plur
portes|porte1|PORTA||NOUN||Fem,Plur
estoient|estre1|ESSE||VERB|auxCop|Fin,Ind,Imp,3,Plur
tos|tot|TOTUS||DET||Ind,Fem,Plur
de|de|DE||ADP||
cristal|cristal|CRYSTALLUS||NOUN||Masc,Sing,Acc
et|et|ET||CCONJ||
d’|de|DE||ADP||
or|or1|AURUM||NOUN||Masc,Sing,Acc
.||||||
ni|ne2|NEC||CCONJ||
n’|ne1|NON||ADV||Neg
i|i2|HIC||PRON||
avoit|avoir|HABERE||VERB||Fin,Ind,Imp,Intr,3,Sing
piliers|piler|*PILARE||NOUN||Masc,Sing,Nom
ni|ne2|NEC||CCONJ||
chapitel|chapitel|CAPITELLUM||NOUN||Masc,Sing,Nom
qi|qui|QUI||PRON||Rel,Nom
ne|ne1|NON||ADV||Neg
fust|estre1|ESSE||VERB|auxPass|Fin,Ind,Past,3,Sing,MWEs
soutilment|sotilment|SUBTILIS||ADV||Man
tregetés|tresjeter|JACTARE||VERB|compPass|Ind,Part,Past,Sing,Masc,MWEs
et|et|ET||CCONJ||
entaillés|entaillier|TALIARE||VERB|compPass|Ind,Part,Past,Sing,Masc,MWEs
.||||||
li|le|ILLE||DET||ArtDef,Masc,Sing
pavement|pavement|PAVIMENTUM||NOUN||Masc,Sing,Nom
de|de|DE||ADP||
la|le|ILLE||DET||ArtDef,Fem,Sing
maison|maison|MANSIO||NOUN||Fem,Sing
et|et|ET||CCONJ||
la|le|ILLE||DET||ArtDef,Fem,Sing
coverture|coveture|COOPERIRE||NOUN||Fem,Sing
estoit|estre1|ESSE||VERB|auxPass|Fin,Ind,Imp,3,Sing,MWEs
laboree|laborer|LABORARE||VERB|compPass|Ind,Part,Past,Sing,Fem,MWEs
à|a3|AD||ADP||
musiqe|musique1|MUSIVUM||NOUN||Masc,Sing,Acc
.||||||
si|si|SIC||ADV||
i|i2|HIC||PRON||
avoit|avoir|HABERE||VERB||Fin,Ind,Imp,Intr,3,Sing
x||||||
hostajes||||||
larges|large|LARGUS||ADJ||Fem,Plur
et|et|ET||CCONJ||
grant|grant|GRANDIS||ADJ||Fem,Plur
et|et|ET||CCONJ||
belles|bel|BELLUS||ADJ||Fem,Plur
et|et|ET||CCONJ||
soutilment|sotilment|SUBTILIS||ADV||Man
hovrees|ovrer|OPERARI||VERB|Adj|Ind,Part,Past,Plur,Fem
de_denz|dedans|DEINTUS||ADP||
.||||||
le_qels|quel1|QUALIS||PRON||Int,Fem,Plur
l_en|on|HOMO||PRON||Prs,3,Sing,Nom
trovoit|trover|*TROPARE||VERB||Fin,Ind,Imp,Act,Trans,3,Sing
toutes|tot|TOTUS||DET||Ind,Fem,Plur
les|le|ILLE||DET||ArtDef,Fem,Plur
entailleüres|entaillëure|TALIARE||NOUN||Fem,Plur
de|de|DE||ADP||
bestes|beste|BESTIA||NOUN||Fem,Plur
et|et|ET||CCONJ||
d’|de|DE||ADP||
osiauz|oisel|AUCELLUS||NOUN||Masc,Plur,Acc
qe|queque|QUID||PRON||Rel,Acc
l_en|on|HOMO||PRON||Prs,3,Sing,Nom
peüst|pöoir|POSSE||VERB|auxMod|Fin,Sub,Imp,3,Sing
conter|conter|COMPUTARE||VERB||Ind,Inf,Pres,Act,Trans
ni|ne2|NEC||CCONJ||
dire|dire|DICERE||VERB||Ind,Inf,Pres,Intr
.||||||
por|por2|PRO||ADP||
le|le|ILLE||DET||ArtDef,Masc,Plur
murs|mur|MURUS||NOUN||Masc,Plur,Acc
et|et|ET||CCONJ||
por|por2|PRO||ADP||
les|le|ILLE||DET||ArtDef,Fem,Plur
masieres|maisiere|MACERIA||NOUN||Fem,Plur
estoient|estre1|ESSE||VERB|auxPass|Fin,Ind,Imp,3,Plur,MWEs
entailliés|entaillier|TALIARE||VERB|compPass|Ind,Part,Past,Plur,Fem,MWEs
les|le|ILLE||DET||ArtDef,Fem,Plur
grant|grant|GRANDIS||ADJ||Fem,Plur
batailles|bataille|BATTUALIA||NOUN||Fem,Plur
qi|qui|QUI||PRON||Rel,Nom
avoient|avoir|HABERE||VERB|auxTens|Fin,Ind,Imp,3,Plur,MWEs
esté|estre1|ESSE||VERB|compTens|Ind,Part,Past,Plur,Fem,MWEs
devant|devant|ABANTE||ADV||Loc
.||||||
coment|coment|QUOMODO||ADV||Int
li|le|ILLE||DET||ArtDef,Masc,Sing
roi|roi|REX||NOUN||Masc,Sing,Nom
fa|faire|FACERE||VERB||Fin,Ind,Pres,Act,Trans,3,Sing
sa|suen|SUUS||DET||Poss,Fem,Sing
riche|riche|RîKI||ADJ||Fem,Sing
sale|sale1|*SAL||NOUN||Fem,Sing
dedenz|dedans|DEINTUS||ADP||
ilion|Ilion|||PROPN||Masc,Sing,Acc
.||||||
quant|cant1|QUANDO||SCONJ||
ilion|Ilion|||PROPN||Masc,Sing,Nom
fu|estre1|ESSE||VERB|auxPass|Fin,Ind,Past,3,Sing,MWEs
ensi|ainsi|SIC||ADV||
fait|faire|FACERE||VERB|compPass|Ind,Part,Past,Sing,Masc,MWEs
et|et|ET||CCONJ||
devisé|deviser|*DIVISARE||VERB|compPass|Ind,Part,Past,Sing,Masc,MWEs
com|come1|QUOMODO||SCONJ||
je|je|EGO||PRON||Prs,1,Sing,Nom
vos|vos|VOS||PRON||Prs,2,Plur,Acc
ai|avoir|HABERE||VERB||Fin,Ind,Pres,Act,Trans,1,Sing
conté|conter|COMPUTARE||VERB|compTens|Ind,Part,Past,Sing,Masc,MWEs
et|et|ET||CCONJ||
dit|dire|DICERE||VERB||Fin,Ind,Pres,Act,Trans,3,Sing
.||||||
moult|mout|MULTUS||ADV||
senbloit|sembler|SIMILARE||VERB||Fin,Ind,Imp,Intr,3,Sing
de|de|DE||ADP||
grant|grant|GRANDIS||ADJ||Masc,Sing,Acc
hergueil|orgueil|*URGOLI||NOUN||Masc,Sing,Acc
à|a3|AD||ADP||
veoir|vëoir|VIDERE||VERB||Ind,Inf,Pres,Act,Trans
car|car|QUARE||SCONJ||
il|il|ILLE||PRON||Prs,3,Neut,Sing,Nom
senbloit|sembler|SIMILARE||VERB||Fin,Ind,Imp,Intr,3,Sing
q’|queque|QUID||SCONJ||
il|il|ILLE||PRON||Prs,3,Masc,Sing,Nom
mesast||||||
toute|tot|TOTUS||DET||Ind,Fem,Sing
rienz|rien|RES||NOUN||Fem,Sing
vivant|vivre1|VIVERE||VERB|Adj|Ind,Part,Pres
.||||||
si|si|SIC||ADV||
vos|vos|VOS||PRON||Prs,2,Plur,Acc
di|dire|DICERE||VERB||Fin,Ind,Pres,Intr,1,Sing
qe|queque|QUID||SCONJ||
la|le|ILLE||DET||ArtDef,Fem,Sing
place|place|PLATEA||NOUN||Fem,Sing
donc|donc|DUNC||ADV||
il|il|ILLE||PRON||Prs,3,Masc,Sing,Nom
seoit|sëoir|SEDERE||VERB||Fin,Ind,Imp,Intr,3,Sing
estoit|estre1|ESSE||VERB|auxCop|Fin,Ind,Imp,3,Sing
bien|bien2|BENE||ADV||Man
si|si|SIC||ADV||
fort|fort|FORTIS||ADJ||Fem,Sing
q’|queque|QUID||SCONJ||
elle|il|ILLE||PRON||Prs,3,Fem,Sing,Nom
ne|ne1|NON||ADV||Neg
doutast|doter2|DUBITARE||VERB||Fin,Sub,Imp,Act,Trans,3,Sing
pas|pas|PASSUS1||PART||Neg
tot|tot|TOTUS||DET||Ind,Masc,Sing,Acc
l’|le|ILLE||DET||ArtDef,Masc,Sing
enpire|empire|IMPERIUM||NOUN||Masc,Sing,Acc
se|se|SI||SCONJ||
traïe|träir|TRADERE||VERB|compPass|Ind,Part,Past,Sing,Fem,MWEs
ne|ne1|NON||ADV||Neg
fust|estre1|ESSE||VERB|auxPass|Fin,Ind,Past,3,Sing,MWEs
.||||||
une|un|UNUS||DET||ArtIndef,Fem,Sing
sale|sale1|*SAL||NOUN||Fem,Sing
fist|faire|FACERE||VERB|auxMod|Fin,Ind,Past,3,Sing
li|le|ILLE||DET||ArtDef,Masc,Sing
roi|roi|REX||NOUN||Masc,Sing,Nom
priant|Priam|||PROPN||Masc,Sing,Nom
faire|faire|FACERE||VERB||Ind,Inf,Pres,Act,Trans
dedenz|dedans|DEINTUS||ADP||
ilion|Ilion|||PROPN||Masc,Sing,Acc
qe|queque|QUID||PRON||Rel,Nom
moult|mout|MULTUS||ADV||
fu|estre1|ESSE||VERB|auxCop|Fin,Ind,Past,3,Sing
grant|grant|GRANDIS||ADJ||Fem,Sing
et|et|ET||CCONJ||
belle|bel|BELLUS||ADJ||Fem,Sing
de|de|DE||ADP||
marbre|marbre|MARMOR||NOUN||Masc,Sing,Acc
bis|bis|*BOMBYCEUS||ADJ||Masc,Sing,Acc
seulement|solement|SOLUS||ADV||
et|et|ET||CCONJ||
de|de|DE||ADP||
benus|ebenus|EBENUS||NOUN||Masc,Sing,Acc
toute|tot|TOTUS||DET||Ind,Fem,Sing
entaillee|entaillier|TALIARE||VERB|Adj|Ind,Part,Past,Sing,Fem
.||||||
et|et|ET||CCONJ||
hornee|orner|ORNARE||VERB||Ind,Part,Past,Sing,Fem
de|de|DE||ADP||
moult|mout|MULTUS||ADV||
riche|riche|RîKI||ADJ||Fem,Plur
pieres|piere|PETRA||NOUN||Fem,Plur
en|en1|IN||ADP||
plusors|plusor|PLURIORES||DET||Ind,Masc,Plur,Acc
leus|lieu|LOCUS||NOUN||Masc,Plur,Acc
de|de|DE||ADP||
la|le|ILLE||DET||ArtDef,Fem,Sing
maison|maison|MANSIO||NOUN||Fem,Sing
.||||||
li|le|ILLE||DET||ArtDef,Masc,Sing
pavement|pavement|PAVIMENTUM||NOUN||Masc,Sing,Nom
et|et|ET||CCONJ||
la|le|ILLE||DET||ArtDef,Fem,Sing
coverture|coveture|COOPERIRE||NOUN||Fem,Sing
fu|estre1|ESSE||VERB|auxCop|Fin,Ind,Past,3,Sing
tel|tel|TALIS||DET||Ind,Fem,Sing
com|come1|QUOMODO||SCONJ||
à|a3|AD||ADP||
tel|tel|TALIS||DET||Ind,Fem,Sing
sale|sale1|*SAL||NOUN||Fem,Sing
convenoit|covenir|CONVENIRE||VERB||Fin,Ind,Imp,Intr,3,Sing
.||||||
quant|cant1|QUANDO||SCONJ||
la|le|ILLE||DET||ArtDef,Fem,Sing
sale|sale1|*SAL||NOUN||Fem,Sing
fu|estre1|ESSE||VERB|auxPass|Fin,Ind,Past,3,Sing,MWEs
ensi|ainsi|SIC||ADV||
asise|asseoir (TLF)|SEDERE||VERB|compPass|Ind,Part,Past,Sing,Fem,MWEs
.||||||
li|le|ILLE||DET||ArtDef,Masc,Sing
roi|roi|REX||NOUN||Masc,Sing,Nom
reson||||||
aut|haut|ALTUS||ADJ||Masc,Sing,Acc
dois||||||
.||||||
là_où|là|ILLAC||ADV|Adv|Loc,MWEs
il|il|ILLE||PRON||Prs,3,Masc,Sing,Nom
devoit|devoir|DEBERE||VERB|auxMod|Fin,Ind,Imp,3,Sing
mangier|mangier|MANDUCARE||VERB||Ind,Inf,Pres,Act,Trans
.||||||
si|si|SIC||ADV||
i|i2|HIC||PRON||
fist|faire|FACERE||VERB|auxMod|Fin,Ind,Past,3,Sing
faire|faire|FACERE||VERB||Ind,Inf,Pres,Act,Trans
maintes|maint|*MANIGIþô-||DET||Ind,Fem,Plur
autres|autre|ALTER||DET||Ind,Masc,Sing,Acc
tables|table|TABULA||NOUN||Fem,Plur
por|por2|PRO||ADP||
les|le|ILLE||DET||ArtDef,Masc,Plur
barons|baron|*BARO||NOUN||Masc,Plur,Acc
et|et|ET||CCONJ||
por|por2|PRO||ADP||
le|le|ILLE||DET||ArtDef,Masc,Plur
chevaliers|chevalier|CABALLARIUS||NOUN||Masc,Plur,Acc
et|et|ET||CCONJ||
por|por2|PRO||ADP||
le|le|ILLE||DET||ArtDef,Fem,Sing
hautre|autre|ALTER||NOUN||Fem,Sing
mainee|maisniee|MANSIO||NOUN||Fem,Sing
.||||||
en|en1|IN||ADP||
l’|le|ILLE||DET||ArtDef,Masc,Sing
autre|autre|ALTER||DET||Ind,Masc,Sing,Acc
chief|chief1|CAPUT||NOUN||Masc,Sing,Acc
de|de|DE||ADP||
la|le|ILLE||DET||ArtDef,Fem,Sing
table|table|TABULA||NOUN||Fem,Sing
sale|sale1|*SAL||NOUN||Fem,Sing
fist|faire|FACERE||VERB|auxMod|Fin,Ind,Past,3,Sing
li|le|ILLE||DET||ArtDef,Masc,Sing
roi|roi|REX||NOUN||Masc,Sing,Nom
faire|faire|FACERE||VERB||Ind,Inf,Pres,Act,Trans
un|un|UNUS||DET||ArtIndef,Masc,Sing
autel|autel2|ALTARE||NOUN||Masc,Sing,Acc
.||||||
li|le|ILLE||DET||ArtDef,Masc,Sing
plus|plus|PLUS||ADV||
riche|riche|RîKI||ADJ||Masc,Sing,Acc
et|et|ET||CCONJ||
li|le|ILLE||DET||ArtDef,Masc,Sing
plus|plus|PLUS||ADV||
bel|bel|BELLUS||ADJ||Masc,Sing,Nom
qe|queque|QUID||PRON||Rel,Nom
fere|faire|FACERE||VERB||Ind,Inf,Pres,Act,Trans
se|soi|SE||PRON||Prs,3,Sing,Acc
puet|pöoir|POSSE||VERB|auxMod|Fin,Ind,Pres,3,Sing
ne|ne1|NON||ADV||Neg
deviser|deviser|*DIVISARE||VERB||Ind,Inf,Pres,Act,Trans
.||||||
il|il|ILLE||PRON||Prs,3,Masc,Sing,Nom
fu|estre1|ESSE||VERB|auxCop|Fin,Ind,Past,3,Sing
de|de|DE||ADP||
fin|fin2|FINIS||ADJ||Masc,Sing,Acc
or|or1|AURUM||NOUN||Masc,Sing,Acc
et|et|ET||CCONJ||
d’|de|DE||ADP||
autres|autre|ALTER||DET||Ind,Masc,Sing,Acc
richesses|richece|RîKI||NOUN||Fem,Plur
asés|assez|AD SATIS||ADV||
.||||||
selonc|selonc|SECUNDUS||ADP||
ce|ce1|HOC||PRON||Dem,Neut,Sing,Acc
qe|queque|QUID||PRON||Rel,Nom
daire|Daires|||PROPN||Masc,Sing,Nom
nos|nos|NOS||PRON||Prs,1,Plur,Acc
temoingne|tesmoignier|TESTIMONIUM||VERB||Fin,Ind,Pres,Act,Trans,3,Sing
.||||||
puis_aprés|après|AD PRESSUM||ADV|Adv|Tim,MWEs
fist|faire|FACERE||VERB|auxMod|Fin,Ind,Past,3,Sing
sor|sor2|SUPER||ADP||
l’|le|ILLE||DET||ArtDef,Masc,Sing
autel|autel2|ALTARE||NOUN||Masc,Sing,Acc
establir|establir|STABILIRE||VERB||Ind,Inf,Pres,Act,Trans
une|un|UNUS||DET||ArtIndef,Fem,Sing
riche|riche|RîKI||ADJ||Fem,Sing
imaje|image|IMAGO||NOUN||Fem,Sing
d’|de|DE||ADP||
or|or1|AURUM||NOUN||Masc,Sing,Acc
et|et|ET||CCONJ||
de|de|DE||ADP||
piere|piere|PETRA||NOUN||Fem,Plur
preciousez|precïos|PRETIOSUS||ADJ||Fem,Plur
en|en1|IN||ADP||
la|le|ILLE||DET||ArtDef,Fem,Sing
senblance|semblance|SIMILARE||NOUN||Fem,Sing
de|de|DE||ADP||
jupiter|Jupiter|||PROPN||Masc,Sing,Acc
son|suen|SUUS||DET||Poss,Masc,Sing,Acc
diex|dieu|DEUS||NOUN||Masc,Plur,Acc
.||||||
en|en1|IN||ADP||
cui|qui|QUI||PRON||Rel,Acc
il|il|ILLE||PRON||Prs,3,Masc,Sing,Nom
avoit|avoir|HABERE||VERB||Fin,Ind,Imp,Act,Trans,3,Sing
sa|suen|SUUS||DET||Poss,Fem,Sing
foi|foi|FIDES||NOUN||Fem,Sing
et|et|ET||CCONJ||
sa|suen|SUUS||DET||Poss,Fem,Sing
creance|crëance|CREDERE||NOUN||Fem,Sing
.||||||
por|por2|PRO||ADP||
cui|qui|QUI||PRON||Rel,Acc
il|il|ILLE||PRON||Prs,3,Masc,Plur,Nom
cuidoient|cuidier1|COGITARE||VERB||Fin,Ind,Imp,Intr,3,Plur
estre|estre1|ESSE||VERB|auxPass|Ind,Inf,Pres,MWEs
defendus|defendre|DEFENDERE||VERB|compPass|Ind,Part,Past,Plur,Masc,MWEs
et|et|ET||CCONJ||
ensausiéz|essaucier|*EXALTIARE||VERB|compPass|Ind,Part,Past,Plur,Masc,MWEs
.||||||
mes|mais1|MAGIS2||CCONJ||
je|je|EGO||PRON||Prs,1,Sing,Nom
vos|vos|VOS||PRON||Prs,2,Plur,Acc
di|dire|DICERE||VERB||Fin,Ind,Pres,Intr,1,Sing
q’|queque|QUID||SCONJ||
il|il|ILLE||PRON||Prs,3,Neut,Sing,Nom
ne|ne1|NON||ADV||Neg
fu|estre1|ESSE||VERB||Fin,Ind,Past,Intr,3,Sing
pas|pas|PASSUS1||PART||Neg
ensi|ainsi|SIC||ADV||
.||||||
encore|encore|HORA||ADV||
i|i2|HIC||PRON||
fist|faire|FACERE||VERB|auxMod|Fin,Ind,Past,3,Sing
li|le|ILLE||DET||ArtDef,Masc,Sing
roi|roi|REX||NOUN||Masc,Sing,Nom
fere|faire|FACERE||VERB||Ind,Inf,Pres,Act,Trans
chanbres|chambre1|CAMERA||NOUN||Fem,Plur
asés|assez|AD SATIS||ADV||
riches|riche|RîKI||ADJ||Fem,Plur
et|et|ET||CCONJ||
belles|bel|BELLUS||ADJ||Fem,Plur
.||||||
et|et|ET||CCONJ||
clostres|cloistre|CLAUSTRUM||NOUN||Masc,Plur,Acc
et|et|ET||CCONJ||
versiers|vergier1|VIRIDIARIUM||NOUN||Masc,Plur,Acc
et|et|ET||CCONJ||
praëls|präel|PRATUM||NOUN||Masc,Plur,Acc
et|et|ET||CCONJ||
fointanes|fontaine|FONTANA||NOUN||Fem,Plur
et|et|ET||CCONJ||
puie|puiz|PUTEUS||NOUN||Masc,Plur,Acc
asés|assez|AD SATIS||ADV||
très|très|TRANS||ADV||Deg
bons|bon|BONUS||ADJ||Masc,Plur,Acc
.||||||
le|le|ILLE||DET||ArtDef,Masc,Plur
nons|nom|NOMEN||NOUN||Masc,Plur,Nom
de|de|DE||ADP||
portes|porte1|PORTA||NOUN||Fem,Plur
de|de|DE||ADP||
troie|Troie|||PROPN||Fem,Sing
.||||||
quant|cant1|QUANDO||SCONJ||
la|le|ILLE||DET||ArtDef,Fem,Sing
cité|cité|CIVITAS||NOUN||Fem,Sing
fu|estre1|ESSE||VERB|auxPass|Fin,Ind,Past,3,Sing,MWEs
ensi|ainsi|SIC||ADV||
fete|faire|FACERE||VERB|compPass|Ind,Part,Past,Sing,Fem,MWEs
dedenz|dedans|DEINTUS||ADP||
et|et|ET||CCONJ||
close|clore|CLAUDERE||VERB|compPass|Ind,Part,Past,Sing,Fem,MWEs
de|de|DE||ADP||
fors|fort|FORTIS||ADJ||Masc,Plur,Acc
murs|mur|MURUS||NOUN||Masc,Plur,Acc
entor|entor|TORNARE||ADV||Loc
et|et|ET||CCONJ||
de|de|DE||ADP||
grant|grant|GRANDIS||ADJ||Fem,Sing
fossés|fossé|FOSSA||NOUN||Masc,Plur,Acc
avironee|avironer|VIBRARE||VERB|compPass|Ind,Part,Past,Sing,Fem,MWEs
.||||||
li|le|ILLE||DET||ArtDef,Masc,Sing
roi|roi|REX||NOUN||Masc,Sing,Nom
fist|faire|FACERE||VERB|auxMod|Fin,Ind,Past,3,Sing
faire|faire|FACERE||VERB||Ind,Inf,Pres,Act,Trans
d_entor|entor|TORNARE||ADV|Adp|Loc,MWEs
le|le|ILLE||DET||ArtDef,Masc,Plur
murs|mur|MURUS||NOUN||Masc,Plur,Acc
vj||||||
portes|porte1|PORTA||NOUN||Fem,Plur
sans|sans|SINE||ADP||
plus|plus|PLUS||ADV||
.||||||
si|si|SIC||ADV||
avoit|avoir|HABERE||VERB||Fin,Ind,Imp,Intr,3,Sing
sor|sor2|SUPER||ADP||
ciaschune|chascun|CATA||PRON||Ind,Fem,Sing
une|un|UNUS||DET||ArtIndef,Fem,Sing
tor|tor2|TURRIS||NOUN||Fem,Sing
fort|fort|FORTIS||ADJ||Fem,Sing
et|et|ET||CCONJ||
masise|massiz|MASSA||ADJ||Fem,Sing
.||||||
il|il|ILLE||PRON||Prs,3,Neut,Sing,Nom
avoit|avoir|HABERE||VERB||Fin,Ind,Imp,Intr,3,Sing
à|a3|AD||ADP||
ciascune|chascun|CATA||DET||Ind,Fem,Sing
tor|tor2|TURRIS||NOUN||Fem,Sing
un|un|UNUS||DET||ArtIndef,Masc,Sing
connestable|conestable|COMES||NOUN||Masc,Sing,Nom
bon|bon|BONUS||ADJ||Masc,Sing,Acc
et|et|ET||CCONJ||
riche|riche|RîKI||ADJ||Masc,Sing,Nom
et|et|ET||CCONJ||
vaillant|valoir|VALERE||VERB|Adj|Ind,Part,Pres
por|por2|PRO||ADP||
la|le|ILLE||DET||ArtDef,Fem,Sing
porte|porte1|PORTA||NOUN||Fem,Sing
garder|warder|*WARDôN||VERB||Ind,Inf,Pres,Act,Trans
ho|avuec|AB HOC||ADP||
mil|mil1|MILLE||NUM||Card
chevaliers|chevalier|CABALLARIUS||NOUN||Masc,Plur,Acc
.||||||
les|le|ILLE||DET||ArtDef,Fem,Plur
portes|porte1|PORTA||NOUN||Fem,Plur
estoient|estre1|ESSE||VERB|auxPass|Fin,Ind,Imp,3,Plur,MWEs
ensi|ainsi|SIC||ADV||
nomees|nomer|NOMINARE||VERB|compPass|Ind,Part,Past,Plur,Fem,MWEs
.||||||
la|le|ILLE||DET||ArtDef,Fem,Sing
prime|prim|PRIMUS||NOUN|Adv|Fem,Sing
avoit|avoir|HABERE||VERB||Fin,Ind,Imp,Act,Trans,3,Sing
à|a3|AD||ADP||
nom|nom|NOMEN||NOUN||Masc,Sing,Acc
antenoride||||||
.||||||
la|le|ILLE||DET||ArtDef,Fem,Sing
segonde|secont1|SECUNDUS||ADJ||Fem,Sing
dardaine||||||
.||||||
la|le|ILLE||DET||ArtDef,Fem,Sing
tierse|tierz|TERTIUS||NUM||Ord
avoit|avoir|HABERE||VERB||Fin,Ind,Imp,Act,Trans,3,Sing
non|nom|NOMEN||NOUN||Masc,Sing,Acc
helia||||||
.||||||
la|le|ILLE||DET||ArtDef,Fem,Sing
qarte|cart|QUARTUS||NUM||Ord
estoit|estre1|ESSE||VERB|auxPass|Fin,Ind,Imp,3,Sing,MWEs
apellee|apeler|APPELLARE||VERB|compPass|Ind,Part,Past,Sing,Fem,MWEs
chete||||||
.||||||
la|le|ILLE||DET||ArtDef,Fem,Sing
qinte|quint|QUINTUS||NUM||Ord
tinbee||||||
.||||||
la|le|ILLE||DET||ArtDef,Fem,Sing
siste||||||
troiene|troyen|TROJANUS||ADJ||Fem,Sing
.||||||
ensi|ainsi|SIC||ADV||
fu|estre1|ESSE||VERB|auxPass|Fin,Ind,Past,3,Sing,MWEs
troie|Troie|||PROPN||Fem,Sing
establie|establir|STABILIRE||VERB|compPass|Ind,Part,Past,Sing,Fem,MWEs
mervoilleusement|merveillosement|MIRABILIA||ADV||Man
com|come1|QUOMODO||SCONJ||
dit|dire|DICERE||VERB||Fin,Ind,Pres,Act,Trans,3,Sing
vos|vos|VOS||PRON||Prs,2,Plur,Acc
ai|avoir|HABERE||VERB||Fin,Ind,Pres,Act,Trans,1,Sing
.||||||
encore|encore|HORA||ADV||
en|en2|INDE||PRON||
fu|estre1|ESSE||VERB||Fin,Ind,Past,Intr,3,Sing
plus_qe|plus|PLUS||ADV|Adv|MWEs
je|je|EGO||PRON||Prs,1,Sing,Nom
ne|ne1|NON||ADV||Neg
vos|vos|VOS||PRON||Prs,2,Plur,Acc
di|dire|DICERE||VERB||Fin,Ind,Pres,Intr,1,Sing
car|car|QUARE||SCONJ||
.||||||
se|se|SI||SCONJ||
je|je|EGO||PRON||Prs,1,Sing,Nom
vos|vos|VOS||PRON||Prs,2,Plur,Acc
voloie|voloir|VELLE||VERB|auxMod|Fin,Sub,Imp,1,Sing
toute|tot|TOTUS||DET||Ind,Fem,Sing
l’|le|ILLE||DET||ArtDef,Fem,Sing
ovre|uevre|OPERA||NOUN||Fem,Sing
conter|conter|COMPUTARE||VERB||Ind,Inf,Pres,Act,Trans
ni|ne2|NEC||CCONJ||
dire|dire|DICERE||VERB||Ind,Inf,Pres,Intr
.||||||
trop|trop|THORP||ADV||
seroit|estre1|ESSE||VERB|auxPass|Fin,Cnd,Pres,3,Sing,MWEs
longue|lonc|LONGUS||ADJ||Fem,Sing
matire|matiere|MATERIA||NOUN||Fem,Sing
.||||||
à|a3|AD||ADP||
vos|vos|VOS||PRON||Prs,2,Plur,Acc
d’|de|DE||ADP||
escouter|escouter|AUSCULTARE||VERB||Ind,Inf,Pres,Act,Trans
et|et|ET||CCONJ||
à|a3|AD||ADP||
moi|moi|ME||PRON||Prs,1,Sing,Acc
d’|de|DE||ADP||
oudir|öir|AUDIRE||VERB||Ind,Inf,Pres,Act,Trans
.||||||
puis|puis|POSTEA||ADV||Tim
qe|queque|QUID||PRON||Rel,Nom
l’|le|ILLE||DET||ArtDef,Masc,Sing
afer|afaire|FACERE||NOUN||Masc,Sing,Nom
fu|estre1|ESSE||VERB|auxPass|Fin,Ind,Past,3,Sing,MWEs
tos|tot|TOTUS||ADV||
ensi|ainsi|SIC||ADV||
achevé|achever|CAPUT||VERB|compPass|Ind,Part,Past,Sing,Masc,MWEs
.||||||
si|si|SIC||ADV||
vos|vos|VOS||PRON||Prs,2,Plur,Acc
di|dire|DICERE||VERB||Fin,Ind,Pres,Intr,1,Sing
que|queque|QUID||SCONJ||
grant|grant|GRANDIS||ADJ||Fem,Sing
joie|joie|GAUDIUM||NOUN||Fem,Sing
en|en2|INDE||PRON||
firent|faire|FACERE||VERB||Fin,Ind,Past,Act,Trans,3,Plur
tos|tot|TOTUS||PRON||Ind,Masc,Plur,Nom
cel|tel|TALIS||DET||Ind,Fem,Sing
de|de|DE||ADP||
la|le|ILLE||DET||ArtDef,Fem,Sing
cité|cité|CIVITAS||NOUN||Fem,Sing
.||||||
moult|mout|MULTUS||ADV||
en|en2|INDE||PRON||
rendirent|rendre|REDDERE||VERB||Fin,Ind,Past,Act,Trans,3,Plur
graces|grace|GRATIA||NOUN||Fem,Plur
et|et|ET||CCONJ||
loënges|löenge|LAUDARE||NOUN||Fem,Plur
à|a3|AD||ADP||
lor|lor3|ILLE||DET||Poss,Masc,Plur,Acc
diex|dieu|DEUS||NOUN||Masc,Plur,Acc
et|et|ET||CCONJ||
moult|mout|MULTUS||ADV||
i|i2|HIC||PRON||
firent|faire|FACERE||VERB||Fin,Ind,Past,Act,Trans,3,Plur
grant|grant|GRANDIS||ADJ||Fem,Sing
sacrefices|sacrefise|SACRIFICIUM||NOUN||Masc,Plur,Acc
.||||||
puis|puis|POSTEA||ADV||Tim
establirent|establir|STABILIRE||VERB||Fin,Ind,Past,Act,Trans,3,Plur
dedenz|dedans|DEINTUS||ADP||
la|le|ILLE||DET||ArtDef,Fem,Sing
ville|vile|VILLA||NOUN||Fem,Sing
jeus||||||
mervoilleus|merveillos|MIRABILIA||ADJ||Masc,Sing,Nom
por|por2|PRO||ADP||
els|il|ILLE||PRON||Prs,3,Masc,Plur,Nom
deporter||||||
et|et|ET||CCONJ||
solacier||||||
.||||||
à|a3|AD||ADP||
tables|table|TABULA||NOUN||Fem,Plur
et|et|ET||CCONJ||
as|a3|AD||ADP||PrepArt
echas||||||
.||||||
et|et|ET||CCONJ||
maintes|maint|*MANIGIþô-||DET||Ind,Masc,Plur,Nom
autres|autre|ALTER||DET||Ind,Fem,Plur
delis||||||
i|i2|HIC||PRON||
troverent|trover|*TROPARE||VERB||Fin,Ind,Past,Act,Trans,3,Plur
por|por2|PRO||ADP||
home|ome|HOMO||NOUN||Masc,Sing,Nom
deliter|delitier|DELECTARE||VERB||Ind,Inf,Pres,Act,Trans
.||||||
si|si|SIC||ADV||
furent|estre1|ESSE||VERB||Fin,Ind,Past,Intr,3,Plur
les|le|ILLE||DET||ArtDef,Masc,Plur
chevaliers|chevalier|CABALLARIUS||NOUN||Masc,Plur,Nom
et|et|ET||CCONJ||
les|le|ILLE||DET||ArtDef,Masc,Plur
barons|baron|*BARO||NOUN||Masc,Plur,Nom
et|et|ET||CCONJ||
les|le|ILLE||DET||ArtDef,Masc,Plur
borgiois|borjois|*BURG-||NOUN||Masc,Plur,Acc
moult|mout|MULTUS||ADV||
bien|bien2|BENE||ADV||Man
apris||||||
de|de|DE||ADP||
bien|bien2|BENE||ADV||Man
et|et|ET||CCONJ||
de|de|DE||ADP||
cortesie|cortoisie|COHORS||NOUN||Fem,Sing
.||||||
