$|$||||||
$de|$de||||||
$fu|$fu||||||
$te|$te||||||
-a|-a||||||
-cha3|-cha3||||||
-cit|-cit||||||
-f|-f||||||
-p|-p||||||
-qui|-qui||||||
-reg2|-reg2||||||
a|a||||||
aamor|aamor||||||
abandone|abandone||||||
abandoné|abandoné||||||
abandonéz|abandonéz||||||
abasier|abasier||||||
abat|abat||||||
abati|abati||||||
abatu|abatu||||||
abien|abien||||||
abrivé|abrivé||||||
acesmee|acesmee||||||
achata|achata||||||
achatarons|achatarons||||||
achate|achate||||||
achater|achater||||||
achateron|achateron||||||
achole|achole||||||
acier|acier||||||
acointement|acointement||||||
acointer|acointer||||||
acointier|acointier||||||
acointé|acointé||||||
acole|acole||||||
acolie|acolie||||||
acolé|acolé||||||
aconsellier|aconsellier||||||
acontables|acontables||||||
aconter|aconter||||||
acontier|acontier||||||
acontoit|acontoit||||||
acontéz|acontéz||||||
acordance|acordance||||||
acordent|acordent||||||
acorder|acorder||||||
acordé|acordé||||||
acurdee|acurdee||||||
ad|ad||||||
adier|adier||||||
adoboit|adoboit||||||
adobéz|adobéz||||||
adonc|adonc||||||
adroiz|adroiz||||||
aduire|aduire||||||
adunc|adunc||||||
adés|adés||||||
aencre|aencre||||||
afaire|afaire||||||
afare|afare||||||
afebloiant|afebloiant||||||
afere|afere||||||
afermé|afermé||||||
affollez|affollez||||||
affolléz|affolléz||||||
afi|afi||||||
afiche|afiche||||||
afinéz|afinéz||||||
aflire|aflire||||||
afliz|afliz||||||
afobli|afobli||||||
afole|afole||||||
afolee|afolee||||||
afolla|afolla||||||
afolle|afolle||||||
afollement|afollement||||||
afoller|afoller||||||
afolléz|afolléz||||||
africha|africha||||||
afriche|afriche||||||
afublee|afublee||||||
afuméz|afuméz||||||
agratier|agratier||||||
agree|agree||||||
agugle|agugle||||||
aguille|aguille||||||
aguilles|aguilles||||||
agulles|agulles||||||
ahage|ahage||||||
ai|ai||||||
aide|aide||||||
aidera|aidera||||||
aiderois|aiderois||||||
aidier|aidier||||||
aidié|aidié||||||
aidoit|aidoit||||||
aidïe|aidïe||||||
aie|aie||||||
aient|aient||||||
aies|aies||||||
aigue|aigue||||||
aillent|aillent||||||
aim|aim||||||
aime|aime||||||
aiment|aiment||||||
aimes|aimes||||||
aimez|aimez||||||
ain|ain||||||
ainc|ainc||||||
ains|ains||||||
ainz|ainz||||||
aions|aions||||||
air|air||||||
aire|aire||||||
ais|ais||||||
aise|aise||||||
aissaillir|aissaillir||||||
aisse|aisse||||||
ait|ait||||||
aiue|aiue||||||
aiéz|aiéz||||||
ajorna|ajorna||||||
ajorne|ajorne||||||
ajoster|ajoster||||||
ajosterent|ajosterent||||||
ajostéz|ajostéz||||||
al|al||||||
ala|ala||||||
albre|albre||||||
alee|alee||||||
alees|alees||||||
alegier|alegier||||||
aler|aler||||||
alerent|alerent||||||
alez|alez||||||
alisandres|alisandres||||||
alixandre|alixandre||||||
alixandres|alixandres||||||
all|all||||||
alla|alla||||||
aller|aller||||||
allez|allez||||||
allice|allice||||||
allire|allire||||||
allousséz|allousséz||||||
aloient|aloient||||||
aloit|aloit||||||
alongier|alongier||||||
alons|alons||||||
alonz|alonz||||||
alos|alos||||||
alpatris|alpatris||||||
als|als||||||
alsavasto|alsavasto||||||
aluns|aluns||||||
alé|alé||||||
alés|alés||||||
aléz|aléz||||||
am|am||||||
ama|ama||||||
amables|amables||||||
amain|amain||||||
amaneçon|amaneçon||||||
amans|amans||||||
amant|amant||||||
amanz|amanz||||||
amas|amas||||||
amasse|amasse||||||
ambedeis|ambedeis||||||
ambedeus|ambedeus||||||
ambedui|ambedui||||||
ambes|ambes||||||
amdos|amdos||||||
amdoz|amdoz||||||
amdu|amdu||||||
amdui|amdui||||||
amee|amee||||||
amenee|amenee||||||
amener|amener||||||
amenez|amenez||||||
amenezon|amenezon||||||
amené|amené||||||
amenéz|amenéz||||||
amer|amer||||||
amera|amera||||||
amerai|amerai||||||
ameras|ameras||||||
amere|amere||||||
ameroie|ameroie||||||
amerois|amerois||||||
ameroit|ameroit||||||
ames|ames||||||
amez|amez||||||
ami|ami||||||
amiable|amiable||||||
amie|amie||||||
amies|amies||||||
amilal|amilal||||||
amirail|amirail||||||
amiral|amiral||||||
amiraus|amiraus||||||
amis|amis||||||
amistié|amistié||||||
amisté|amisté||||||
amo|amo||||||
amoient|amoient||||||
amoine|amoine||||||
amoinez|amoinez||||||
amoit|amoit||||||
amont|amont||||||
amor|amor||||||
amorees|amorees||||||
amors|amors||||||
amosniere|amosniere||||||
amé|amé||||||
améz|améz||||||
an|an||||||
analina|analina||||||
anbedeus|anbedeus||||||
anbedui|anbedui||||||
anbes|anbes||||||
anc|anc||||||
ancois|ancois||||||
ancor|ancor||||||
andeis|andeis||||||
andrenople|andrenople||||||
andrenoplefu|andrenoplefu||||||
andrenoplei|andrenoplei||||||
andrenoplerespont|andrenoplerespont||||||
andui|andui||||||
anduréz|anduréz||||||
anel|anel||||||
aneline|aneline||||||
anemis|anemis||||||
ans|ans||||||
ansegne|ansegne||||||
antive|antive||||||
antor|antor||||||
anui|anui||||||
anuit|anuit||||||
anz|anz||||||
ançois|ançois||||||
apaire|apaire||||||
apaireillié|apaireillié||||||
apaisse|apaisse||||||
apareiglé|apareiglé||||||
apareil|apareil||||||
apareille|apareille||||||
apareillier|apareillier||||||
apareillié|apareillié||||||
apareilliéz|apareilliéz||||||
apareilléz|apareilléz||||||
aparellier|aparellier||||||
aparellié|aparellié||||||
aparilliéz|aparilliéz||||||
aparlee|aparlee||||||
aparoillier|aparoillier||||||
aparoilliers|aparoilliers||||||
aparut|aparut||||||
apasse|apasse||||||
apele|apele||||||
apelez|apelez||||||
apella|apella||||||
apelle|apelle||||||
apellent|apellent||||||
apellé|apellé||||||
apelléz|apelléz||||||
apeléz|apeléz||||||
apense|apense||||||
apenséz|apenséz||||||
apent|apent||||||
apercevoir|apercevoir||||||
aperceü|aperceü||||||
aperchoit|aperchoit||||||
aperquoit|aperquoit||||||
apertement|apertement||||||
aplainer|aplainer||||||
apoier|apoier||||||
aport|aport||||||
aporta|aporta||||||
aportai|aportai||||||
aporte|aporte||||||
aportee|aportee||||||
aportent|aportent||||||
aporter|aporter||||||
aportera|aportera||||||
aporterai|aporterai||||||
aporterent|aporterent||||||
aporteront|aporteront||||||
aportier|aportier||||||
aporté|aporté||||||
aportéz|aportéz||||||
appela|appela||||||
aprendre|aprendre||||||
aprent|aprent||||||
aprenéz|aprenéz||||||
aprestee|aprestee||||||
apris|apris||||||
aprise|aprise||||||
aprist|aprist||||||
aprochier|aprochier||||||
aprés|aprés||||||
aquater|aquater||||||
aquitee|aquitee||||||
aquitéz|aquitéz||||||
araisona|araisona||||||
araisone|araisone||||||
arbalestier|arbalestier||||||
arbre|arbre||||||
arbres|arbres||||||
arc|arc||||||
arde|arde||||||
ardi|ardi||||||
ardimant|ardimant||||||
ardiment|ardiment||||||
ardiz|ardiz||||||
ardoir|ardoir||||||
arendre|arendre||||||
argent|argent||||||
ariere|ariere||||||
ariva|ariva||||||
arivarent|arivarent||||||
arivees|arivees||||||
arivé|arivé||||||
arment|arment||||||
armer|armer||||||
armerent|armerent||||||
armes|armes||||||
armeüre|armeüre||||||
armeüres|armeüres||||||
armier|armier||||||
armé|armé||||||
arméz|arméz||||||
arosee|arosee||||||
ars|ars||||||
arse|arse||||||
art|art||||||
arz|arz||||||
as|as||||||
asaillir|asaillir||||||
asaut|asaut||||||
asavoir|asavoir||||||
asbanoier|asbanoier||||||
asberc|asberc||||||
ascouta|ascouta||||||
ascouté|ascouté||||||
aseiez|aseiez||||||
asenbla|asenbla||||||
aseta|aseta||||||
asez|asez||||||
asiet|asiet||||||
asis|asis||||||
asist|asist||||||
asoscoi|asoscoi||||||
asprement|asprement||||||
asseis|asseis||||||
assez|assez||||||
assille|assille||||||
assis|assis||||||
assés|assés||||||
asséz|asséz||||||
asséç|asséç||||||
aste|aste||||||
aster|aster||||||
asteroit|asteroit||||||
astes|astes||||||
astivement|astivement||||||
astort|astort||||||
asté|asté||||||
astéz|astéz||||||
asçaper|asçaper||||||
aséz|aséz||||||
atant|atant||||||
ateinz|ateinz||||||
atendant|atendant||||||
atendoit|atendoit||||||
atendre|atendre||||||
atendrez|atendrez||||||
atendu|atendu||||||
atendéz|atendéz||||||
atent|atent||||||
atenz|atenz||||||
atireemant|atireemant||||||
atorna|atorna||||||
atorne|atorne||||||
atornee|atornee||||||
atornees|atornees||||||
atornent|atornent||||||
atorner|atorner||||||
atornez|atornez||||||
atornier|atornier||||||
atorné|atorné||||||
atornéz|atornéz||||||
atrait|atrait||||||
atroser|atroser||||||
au|au||||||
aua|aua||||||
aual|aual||||||
auarice|auarice||||||
auba|auba||||||
aubanie|aubanie||||||
aube|aube||||||
auberc|auberc||||||
aubercs|aubercs||||||
aubers|aubers||||||
auchun|auchun||||||
aucun|aucun||||||
auec|auec||||||
aufriche|aufriche||||||
augent|augent||||||
aui|aui||||||
aume|aume||||||
aumes|aumes||||||
auoir|auoir||||||
auoit|auoit||||||
auques|auques||||||
aus|aus||||||
ausa|ausa||||||
ausberc|ausberc||||||
ausberg|ausberg||||||
ausi|ausi||||||
ausiment|ausiment||||||
aut|aut||||||
aute|aute||||||
autece|autece||||||
autement|autement||||||
autre|autre||||||
autrement|autrement||||||
autres|autres||||||
autresi|autresi||||||
autretant|autretant||||||
autretel|autretel||||||
autrui|autrui||||||
autr’|autr’||||||
aval|aval||||||
avant|avant||||||
avarice|avarice||||||
avaudroit|avaudroit||||||
avec|avec||||||
aventure|aventure||||||
aventures|aventures||||||
avenu|avenu||||||
avenue|avenue||||||
avers|avers||||||
avez|avez||||||
avient|avient||||||
aviez|aviez||||||
avions|avions||||||
avis|avis||||||
avoie|avoie||||||
avoient|avoient||||||
avoies|avoies||||||
avoiet|avoiet||||||
avoine|avoine||||||
avoir|avoir||||||
avoire|avoire||||||
avoirs|avoirs||||||
avoit|avoit||||||
avomes|avomes||||||
avon|avon||||||
avons|avons||||||
avonz|avonz||||||
avor|avor||||||
avos|avos||||||
avra|avra||||||
avrai|avrai||||||
avrais|avrais||||||
avras|avras||||||
avrez|avrez||||||
avroie|avroie||||||
avroiez|avroiez||||||
avrois|avrois||||||
avroit|avroit||||||
avroiz|avroiz||||||
avrons|avrons||||||
avront|avront||||||
avréz|avréz||||||
avéz|avéz||||||
aymes|aymes||||||
aymon|aymon||||||
ayr|ayr||||||
ays|ays||||||
az|az||||||
aï|aï||||||
aïe|aïe||||||
aïr|aïr||||||
aïéz|aïéz||||||
aüses|aüses||||||
babiloine|babiloine||||||
bachalier|bachalier||||||
bagnier|bagnier||||||
bailez|bailez||||||
baillie|baillie||||||
bailliz|bailliz||||||
bainere|bainere||||||
baisa|baisa||||||
baisai|baisai||||||
baisast|baisast||||||
baise|baise||||||
baisement|baisement||||||
baisie|baisie||||||
baisiers|baisiers||||||
baisoit|baisoit||||||
baisse|baisse||||||
baissier|baissier||||||
baissiéz|baissiéz||||||
baisé|baisé||||||
balance|balance||||||
bandon|bandon||||||
baniere|baniere||||||
banieres|banieres||||||
banoiers|banoiers||||||
barbarie|barbarie||||||
barbe|barbe||||||
barnaige|barnaige||||||
baron|baron||||||
barons|barons||||||
bas|bas||||||
basier|basier||||||
bassier|bassier||||||
basti|basti||||||
bastir|bastir||||||
baston|baston||||||
bat|bat||||||
bataile|bataile||||||
batailes|batailes||||||
bataille|bataille||||||
batailles|batailles||||||
batre|batre||||||
beaus|beaus||||||
beaute|beaute||||||
beauté|beauté||||||
beautéz|beautéz||||||
bel|bel||||||
belamant|belamant||||||
bele|bele||||||
belemant|belemant||||||
belement|belement||||||
bellament|bellament||||||
belle|belle||||||
bellemant|bellemant||||||
bellement|bellement||||||
belles|belles||||||
bels|bels||||||
ben|ben||||||
bendee|bendee||||||
bernage|bernage||||||
bernages|bernages||||||
bernaige|bernaige||||||
bernaiges|bernaiges||||||
besans|besans||||||
besant|besant||||||
besanz|besanz||||||
bescaige|bescaige||||||
besoigne|besoigne||||||
besoing|besoing||||||
beste|beste||||||
beu|beu||||||
beus|beus||||||
beuté|beuté||||||
beuz|beuz||||||
beü|beü||||||
bias|bias||||||
biau|biau||||||
biaus|biaus||||||
biauz|biauz||||||
bien|bien||||||
biens|biens||||||
bieu|bieu||||||
bieus|bieus||||||
bire|bire||||||
bis|bis||||||
biscoit|biscoit||||||
bié|bié||||||
blanc|blanc||||||
blanche|blanche||||||
blanç|blanç||||||
blasme|blasme||||||
blasmee|blasmee||||||
blasment|blasment||||||
blasmer|blasmer||||||
blasmoie|blasmoie||||||
blasméz|blasméz||||||
blece|blece||||||
blont|blont||||||
blé|blé||||||
boche|boche||||||
boissier|boissier||||||
boistre|boistre||||||
boivre|boivre||||||
bolgrie|bolgrie||||||
bone|bone||||||
bonement|bonement||||||
bones|bones||||||
bonte|bonte||||||
bonté|bonté||||||
bontéz|bontéz||||||
borjois|borjois||||||
borzois|borzois||||||
borzoisse|borzoisse||||||
borçois|borçois||||||
boteillier|boteillier||||||
boton|boton||||||
bouchon|bouchon||||||
brace|brace||||||
braies|braies||||||
brandir|brandir||||||
brant|brant||||||
bras|bras||||||
braz|braz||||||
bri|bri||||||
brise|brise||||||
brisent|brisent||||||
brisé|brisé||||||
briséz|briséz||||||
broche|broche||||||
broine|broine||||||
bruit|bruit||||||
brun|brun||||||
bruni|bruni||||||
bruniz|bruniz||||||
buen|buen||||||
buene|buene||||||
buenement|buenement||||||
buens|buens||||||
buscages|buscages||||||
c|c||||||
ca|ca||||||
calo|calo||||||
canbres|canbres||||||
candiobra|candiobra||||||
candiobras|candiobras||||||
cangier|cangier||||||
canpagne|canpagne||||||
caple|caple||||||
car|car||||||
cartage|cartage||||||
cascun|cascun||||||
castel|castel||||||
castro|castro||||||
caut|caut||||||
cb|cb||||||
ce|ce||||||
cel|cel||||||
cele|cele||||||
celee|celee||||||
celeement|celeement||||||
celer|celer||||||
celeroit|celeroit||||||
celeu|celeu||||||
celi|celi||||||
celle|celle||||||
cellee|cellee||||||
celles|celles||||||
cels|cels||||||
celui|celui||||||
celéz|celéz||||||
cenglos|cenglos||||||
cens|cens||||||
cent|cent||||||
centetunce|centetunce||||||
ceptre|ceptre||||||
cerbeis|cerbeis||||||
cerchant|cerchant||||||
cerchent|cerchent||||||
cercher|cercher||||||
cerchier|cerchier||||||
cerf|cerf||||||
certain|certain||||||
certainement|certainement||||||
certains|certains||||||
certes|certes||||||
ces|ces||||||
cesoires|cesoires||||||
cest|cest||||||
ceste|ceste||||||
cestu|cestu||||||
cestui|cestui||||||
ceus|ceus||||||
ceuz|ceuz||||||
cez|cez||||||
cha|cha||||||
chace|chace||||||
chacier|chacier||||||
chadellant|chadellant||||||
chadelle|chadelle||||||
chadelléz|chadelléz||||||
chaenes|chaenes||||||
chaenz|chaenz||||||
chai|chai||||||
chaienz|chaienz||||||
chaitis|chaitis||||||
chaitive|chaitive||||||
chaloit|chaloit||||||
chalonge|chalonge||||||
chalor|chalor||||||
chalt|chalt||||||
chamin|chamin||||||
chaminees|chaminees||||||
chamises|chamises||||||
chanbel|chanbel||||||
chanberlains|chanberlains||||||
chanbra|chanbra||||||
chanbre|chanbre||||||
chanbres|chanbres||||||
chandiobras|chandiobras||||||
change|change||||||
changier|changier||||||
changié|changié||||||
changiéz|changiéz||||||
chanp|chanp||||||
chant|chant||||||
chante|chante||||||
chanter|chanter||||||
chanu|chanu||||||
chanue|chanue||||||
chanz|chanz||||||
chaoir|chaoir||||||
chape|chape||||||
chapel|chapel||||||
chapes|chapes||||||
chapleïz|chapleïz||||||
char|char||||||
chargier|chargier||||||
chargié|chargié||||||
chargiéz|chargiéz||||||
chargé|chargé||||||
chariere|chariere||||||
charn|charn||||||
charnel|charnel||||||
chartage|chartage||||||
chartaige|chartaige||||||
charté|charté||||||
chascun|chascun||||||
chascune|chascune||||||
chascuns|chascuns||||||
chasne|chasne||||||
chasséz|chasséz||||||
chastel|chastel||||||
chastelain|chastelain||||||
chastiaus|chastiaus||||||
chastieus|chastieus||||||
chauca|chauca||||||
chauces|chauces||||||
chauciéz|chauciéz||||||
chaut|chaut||||||
chaval|chaval||||||
chavalier|chavalier||||||
chavaliers|chavaliers||||||
chavals|chavals||||||
chavauché|chavauché||||||
chavaucier|chavaucier||||||
chavauciés|chavauciés||||||
chavaus|chavaus||||||
chaëne|chaëne||||||
chaënes|chaënes||||||
chaï|chaï||||||
che|che||||||
chercant|chercant||||||
chere|chere||||||
cheualier|cheualier||||||
cheval|cheval||||||
chevalarie|chevalarie||||||
chevalaries|chevalaries||||||
chevalerie|chevalerie||||||
chevalier|chevalier||||||
chevaliers|chevaliers||||||
chevaucent|chevaucent||||||
chevaucerent|chevaucerent||||||
chevauche|chevauche||||||
chevauchier|chevauchier||||||
chevauchoient|chevauchoient||||||
chevaucier|chevaucier||||||
chevaucié|chevaucié||||||
chevaucons|chevaucons||||||
chevaucé|chevaucé||||||
chevaus|chevaus||||||
chevauz|chevauz||||||
cheveuz|cheveuz||||||
chevieus|chevieus||||||
cheüz|cheüz||||||
chief|chief||||||
chien|chien||||||
chiere|chiere||||||
chierf|chierf||||||
chiet|chiet||||||
chivaler|chivaler||||||
chivaleros|chivaleros||||||
chivalier|chivalier||||||
chivaliers|chivaliers||||||
chivalierz|chivalierz||||||
chivalliers|chivalliers||||||
chié|chié||||||
chochiéz|chochiéz||||||
choison|choison||||||
chol|chol||||||
chollee|chollee||||||
choneüz|choneüz||||||
chopes|chopes||||||
chops|chops||||||
chort|chort||||||
chose|chose||||||
choses|choses||||||
chouche|chouche||||||
choup|choup||||||
choupez|choupez||||||
chouse|chouse||||||
ch’|ch’||||||
ci|ci||||||
cil|cil||||||
cili|cili||||||
cilui|cilui||||||
cimc|cimc||||||
cinc|cinc||||||
cinglaton|cinglaton||||||
cipreen|cipreen||||||
cipreet|cipreet||||||
ciprel’|ciprel’||||||
cipriane|cipriane||||||
ciprés|ciprés||||||
cis|cis||||||
cisglacon|cisglacon||||||
cist|cist||||||
cisterne|cisterne||||||
cité|cité||||||
cités|cités||||||
citéz|citéz||||||
cla|cla||||||
claméz|claméz||||||
clarité|clarité||||||
clarté|clarté||||||
clavegris|clavegris||||||
cleomatans|cleomatans||||||
cleomatanz|cleomatanz||||||
cler|cler||||||
clercie|clercie||||||
clere|clere||||||
cleres|cleres||||||
clier|clier||||||
clin|clin||||||
cloisone|cloisone||||||
clos|clos||||||
close|close||||||
clostre|clostre||||||
clouse|clouse||||||
coardie|coardie||||||
coars|coars||||||
coarz|coarz||||||
cocha|cocha||||||
coi|coi||||||
coie|coie||||||
coiement|coiement||||||
coilliz|coilliz||||||
coine|coine||||||
coinoisent|coinoisent||||||
coinseill|coinseill||||||
cois|cois||||||
cojure|cojure||||||
col|col||||||
colee|colee||||||
coleïce|coleïce||||||
coloine|coloine||||||
color|color||||||
colors|colors||||||
coltiel|coltiel||||||
coltre|coltre||||||
com|com||||||
comanda|comanda||||||
comandament|comandament||||||
comande|comande||||||
comandee|comandee||||||
comandez|comandez||||||
comandé|comandé||||||
comandéz|comandéz||||||
comant|comant||||||
come|come||||||
comen|comen||||||
comencement|comencement||||||
comencer|comencer||||||
comencerai|comencerai||||||
comencier|comencier||||||
coment|coment||||||
començament|començament||||||
començez|començez||||||
comunaus|comunaus||||||
con|con||||||
conbat|conbat||||||
conbati|conbati||||||
conbatre|conbatre||||||
conbatu|conbatu||||||
conchut|conchut||||||
conduit|conduit||||||
conduiz|conduiz||||||
condusoit|condusoit||||||
conesoit|conesoit||||||
coneü|coneü||||||
coneüe|coneüe||||||
coneüz|coneüz||||||
confesse|confesse||||||
confonduz|confonduz||||||
confort|confort||||||
confortant|confortant||||||
conforte|conforte||||||
confortee|confortee||||||
congee|congee||||||
congié|congié||||||
congé|congé||||||
conjure|conjure||||||
conjuré|conjuré||||||
conois|conois||||||
conoisance|conoisance||||||
conoist|conoist||||||
conosoient|conosoient||||||
conosoit|conosoit||||||
conpagne|conpagne||||||
conpagnie|conpagnie||||||
conpagno|conpagno||||||
conpagnon|conpagnon||||||
conpagnons|conpagnons||||||
conpagnos|conpagnos||||||
conpaignon|conpaignon||||||
conpaignons|conpaignons||||||
conpaignos|conpaignos||||||
conpains|conpains||||||
conparé|conparé||||||
conplaint|conplaint||||||
conplie|conplie||||||
conquere|conquere||||||
conqueremenz|conqueremenz||||||
conquerre|conquerre||||||
conquerrerai|conquerrerai||||||
conquist|conquist||||||
conquiste|conquiste||||||
conquit|conquit||||||
conseil|conseil||||||
conseilier|conseilier||||||
conseill|conseill||||||
conseilla|conseilla||||||
conseille|conseille||||||
conseiller|conseiller||||||
conseillez|conseillez||||||
conseillier|conseillier||||||
conseillié|conseillié||||||
consel|consel||||||
consent|consent||||||
conseus|conseus||||||
conseüz|conseüz||||||
consiaus|consiaus||||||
consiell|consiell||||||
consiglier|consiglier||||||
consilleroit|consilleroit||||||
consillez|consillez||||||
consoil|consoil||||||
consoille|consoille||||||
cont|cont||||||
conte|conte||||||
contee|contee||||||
conter|conter||||||
contera|contera||||||
contes|contes||||||
contez|contez||||||
contier|contier||||||
contoit|contoit||||||
contra|contra||||||
contramandéz|contramandéz||||||
contrariose|contrariose||||||
contre|contre||||||
contredire|contredire||||||
contredit|contredit||||||
contree|contree||||||
contremandéz|contremandéz||||||
contremont|contremont||||||
contres|contres||||||
contrester|contrester||||||
contrestier|contrestier||||||
contreval|contreval||||||
contr’|contr’||||||
conté|conté||||||
contéz|contéz||||||
conut|conut||||||
convant|convant||||||
convendra|convendra||||||
convenent|convenent||||||
convent|convent||||||
converoit|converoit||||||
convient|convient||||||
convoia|convoia||||||
convoient|convoient||||||
convoise|convoise||||||
convoisse|convoisse||||||
convoite|convoite||||||
convoitise|convoitise||||||
convoitos|convoitos||||||
convoitoz|convoitoz||||||
cop|cop||||||
copes|copes||||||
cops|cops||||||
cor|cor||||||
corage|corage||||||
corages|corages||||||
coraige|coraige||||||
coraile|coraile||||||
coraille|coraille||||||
corans|corans||||||
corant|corant||||||
coranz|coranz||||||
corenz|corenz||||||
corone|corone||||||
coronpu|coronpu||||||
coronpuz|coronpuz||||||
coronéz|coronéz||||||
coroucier|coroucier||||||
corr|corr||||||
corre|corre||||||
cors|cors||||||
cort|cort||||||
cortesies|cortesies||||||
cortois|cortois||||||
cortoises|cortoises||||||
cortoisez|cortoisez||||||
cortoisie|cortoisie||||||
coru|coru||||||
corut|corut||||||
corz|corz||||||
cos|cos||||||
cose|cose||||||
costure|costure||||||
costé|costé||||||
cougent|cougent||||||
cougier|cougier||||||
coup|coup||||||
coupé|coupé||||||
cous|cous||||||
covert|covert||||||
coverte|coverte||||||
covertement|covertement||||||
covre|covre||||||
covrir|covrir||||||
coïsir|coïsir||||||
creant|creant||||||
creanté|creanté||||||
creator|creator||||||
creature|creature||||||
creez|creez||||||
creistra|creistra||||||
cremoit|cremoit||||||
cremuz|cremuz||||||
crestre|crestre||||||
crete|crete||||||
creéz|creéz||||||
creïstes|creïstes||||||
creü|creü||||||
creüe|creüe||||||
creüz|creüz||||||
cri|cri||||||
cria|cria||||||
criator|criator||||||
crie|crie||||||
criee|criee||||||
crient|crient||||||
crier|crier||||||
crieron|crieron||||||
crioit|crioit||||||
crite|crite||||||
critedist|critedist||||||
criteet|criteet||||||
critefaice|critefaice||||||
critefu|critefu||||||
critem’|critem’||||||
critene|critene||||||
criteot|criteot||||||
cro|cro||||||
croi|croi||||||
croir|croir||||||
croire|croire||||||
croisir|croisir||||||
croissir|croissir||||||
croit|croit||||||
crosir|crosir||||||
crïéz|crïéz||||||
cuarz|cuarz||||||
cudiers|cudiers||||||
cuenz|cuenz||||||
cuer|cuer||||||
cuers|cuers||||||
cui|cui||||||
cuida|cuida||||||
cuidai|cuidai||||||
cuidas|cuidas||||||
cuidast|cuidast||||||
cuide|cuide||||||
cuident|cuident||||||
cuidera|cuidera||||||
cuideroie|cuideroie||||||
cuideroit|cuideroit||||||
cuides|cuides||||||
cuidoie|cuidoie||||||
cuidoient|cuidoient||||||
cuidoit|cuidoit||||||
cuidés|cuidés||||||
cuidéz|cuidéz||||||
cuie|cuie||||||
cuiers|cuiers||||||
cuisse|cuisse||||||
cuit|cuit||||||
cui•l|cui•l||||||
cultel|cultel||||||
cum|cum||||||
cun|cun||||||
cure|cure||||||
cusine|cusine||||||
c’|c’||||||
d|d||||||
da|da||||||
dac|dac||||||
daimoseus|daimoseus||||||
dain|dain||||||
dal|dal||||||
dalfis|dalfis||||||
damagier|damagier||||||
dame|dame||||||
damegier|damegier||||||
dames|dames||||||
damiain|damiain||||||
damiains|damiains||||||
damianz|damianz||||||
damoisele|damoisele||||||
damoiselle|damoiselle||||||
damoiselles|damoiselles||||||
damoiseus|damoiseus||||||
damoisieuz|damoisieuz||||||
damoisselle|damoisselle||||||
damor’|damor’||||||
damoselles|damoselles||||||
damosieus|damosieus||||||
dangier|dangier||||||
danz|danz||||||
darier|darier||||||
dart|dart||||||
dau|dau||||||
davant|davant||||||
de|de||||||
debrise|debrise||||||
decevoir|decevoir||||||
deceü|deceü||||||
deceüz|deceüz||||||
dedenz|dedenz||||||
deel|deel||||||
defedrai|defedrai||||||
defendoit|defendoit||||||
defendre|defendre||||||
defendroit|defendroit||||||
defens|defens||||||
defent|defent||||||
deferma|deferma||||||
defors|defors||||||
degete|degete||||||
degrés|degrés||||||
degréz|degréz||||||
dehe|dehe||||||
dei|dei||||||
deigne|deigne||||||
deiraine|deiraine||||||
deis|deis||||||
deivent|deivent||||||
dejoste|dejoste||||||
dejostes|dejostes||||||
del|del||||||
delautre|delautre||||||
dele|dele||||||
deletié|deletié||||||
delez|delez||||||
delfins|delfins||||||
delfinz|delfinz||||||
delfis|delfis||||||
delisle|delisle||||||
delit|delit||||||
delitoit|delitoit||||||
delité|delité||||||
delivra|delivra||||||
delivre|delivre||||||
delivrer|delivrer||||||
delivré|delivré||||||
delivréz|delivréz||||||
della|della||||||
delés|delés||||||
del’|del’||||||
demahagniéz|demahagniéz||||||
demain|demain||||||
demanda|demanda||||||
demandant|demandant||||||
demandarent|demandarent||||||
demandarez|demandarez||||||
demande|demande||||||
demander|demander||||||
demanderai|demanderai||||||
demanderas|demanderas||||||
demandez|demandez||||||
demandier|demandier||||||
demandoit|demandoit||||||
demandonz|demandonz||||||
demandé|demandé||||||
demandéz|demandéz||||||
demanois|demanois||||||
demant|demant||||||
demein|demein||||||
demeine|demeine||||||
demeins|demeins||||||
demie|demie||||||
demoinent|demoinent||||||
demore|demore||||||
demorez|demorez||||||
demoréz|demoréz||||||
deniers|deniers||||||
denz|denz||||||
depart|depart||||||
departi|departi||||||
departie|departie||||||
departir|departir||||||
departis|departis||||||
departiz|departiz||||||
depecier|depecier||||||
deporte|deporte||||||
deporter|deporter||||||
derain|derain||||||
deraine|deraine||||||
dereain|dereain||||||
dereaines|dereaines||||||
derer|derer||||||
derier|derier||||||
deriere|deriere||||||
deriers|deriers||||||
deronp|deronp||||||
des|des||||||
desarmee|desarmee||||||
desarmé|desarmé||||||
desarméz|desarméz||||||
descargé|descargé||||||
descendu|descendu||||||
descent|descent||||||
descoloree|descoloree||||||
desconfire|desconfire||||||
desconfist|desconfist||||||
desconfit|desconfit||||||
desconfiz|desconfiz||||||
desconforte|desconforte||||||
descovrir|descovrir||||||
desdie|desdie||||||
desduire|desduire||||||
desduit|desduit||||||
desendez|desendez||||||
desendre|desendre||||||
desendu|desendu||||||
desenduz|desenduz||||||
desenor|desenor||||||
desent|desent||||||
deseriter|deseriter||||||
desert|desert||||||
desfermee|desfermee||||||
desferment|desferment||||||
desfi|desfi||||||
desfiement|desfiement||||||
desfïement|desfïement||||||
desfïer|desfïer||||||
desir|desir||||||
desiree|desiree||||||
desirees|desirees||||||
desloial|desloial||||||
desloiaus|desloiaus||||||
desmaile|desmaile||||||
desmaille|desmaille||||||
desment|desment||||||
desmentir|desmentir||||||
desnerois|desnerois||||||
desor|desor||||||
desore|desore||||||
desovre|desovre||||||
desoz|desoz||||||
despendre|despendre||||||
despense|despense||||||
despent|despent||||||
desperse|desperse||||||
despit|despit||||||
desplaire|desplaire||||||
despoilier|despoilier||||||
despollié|despollié||||||
desramer|desramer||||||
desroi|desroi||||||
desront|desront||||||
dessendre|dessendre||||||
desserre|desserre||||||
destendu|destendu||||||
destorbier|destorbier||||||
destre|destre||||||
destrece|destrece||||||
destreint|destreint||||||
destresce|destresce||||||
destrier|destrier||||||
destriers|destriers||||||
destrierz|destrierz||||||
destruiroit|destruiroit||||||
destruit|destruit||||||
desus|desus||||||
desvia|desvia||||||
desvient|desvient||||||
desvier|desvier||||||
detient|detient||||||
detrenciéz|detrenciéz||||||
detrencé|detrencé||||||
deu|deu||||||
deus|deus||||||
deux|deux||||||
deuz|deuz||||||
devan|devan||||||
devant|devant||||||
devanz|devanz||||||
devenir|devenir||||||
devenoie|devenoie||||||
devenue|devenue||||||
devenuz|devenuz||||||
devers|devers||||||
devez|devez||||||
devient|devient||||||
devionz|devionz||||||
devis|devis||||||
devise|devise||||||
deviser|deviser||||||
deviséz|deviséz||||||
deviéz|deviéz||||||
devoient|devoient||||||
devoit|devoit||||||
devons|devons||||||
devonz|devonz||||||
devoréz|devoréz||||||
devroie|devroie||||||
devrois|devrois||||||
devroit|devroit||||||
devéz|devéz||||||
devéç|devéç||||||
dex|dex||||||
dez|dez||||||
deïs|deïs||||||
deïsme|deïsme||||||
deïsse|deïsse||||||
deïst|deïst||||||
deüsse|deüsse||||||
deüsséz|deüsséz||||||
deüst|deüst||||||
deüséz|deüséz||||||
de•l|de•l||||||
di|di||||||
diamant|diamant||||||
diaïmanz|diaïmanz||||||
didon|didon||||||
die|die||||||
dient|dient||||||
dieu|dieu||||||
diex|diex||||||
dignasse|dignasse||||||
dignoit|dignoit||||||
dimeine|dimeine||||||
dioil|dioil||||||
dir|dir||||||
dira|dira||||||
dirai|dirai||||||
diras|diras||||||
dire|dire||||||
diroie|diroie||||||
diroiz|diroiz||||||
dis|dis||||||
disez|disez||||||
disir|disir||||||
disner|disner||||||
disoie|disoie||||||
disoient|disoient||||||
disoit|disoit||||||
dist|dist||||||
dit|dit||||||
dite|dite||||||
dites|dites||||||
diverses|diverses||||||
diviner|diviner||||||
diz|diz||||||
dobles|dobles||||||
doi|doi||||||
doie|doie||||||
doies|doies||||||
doin|doin||||||
dois|dois||||||
doit|doit||||||
doive|doive||||||
doivent|doivent||||||
doiz|doiz||||||
dolant|dolant||||||
dolereus|dolereus||||||
doloir|doloir||||||
dolor|dolor||||||
domage|domage||||||
domaige|domaige||||||
domanda|domanda||||||
domesieuz|domesieuz||||||
domoiselle|domoiselle||||||
don|don||||||
dona|dona||||||
donasse|donasse||||||
donc|donc||||||
done|done||||||
donee|donee||||||
donent|donent||||||
doner|doner||||||
donez|donez||||||
donoient|donoient||||||
donoit|donoit||||||
donques|donques||||||
donra|donra||||||
donrai|donrai||||||
donras|donras||||||
dons|dons||||||
dont|dont||||||
doné|doné||||||
donéz|donéz||||||
dormez|dormez||||||
dormi|dormi||||||
dormir|dormir||||||
dormoit|dormoit||||||
doré|doré||||||
dos|dos||||||
dot|dot||||||
dote|dote||||||
dotez|dotez||||||
dotier|dotier||||||
dotos|dotos||||||
dotriner|dotriner||||||
dotriné|dotriné||||||
doté|doté||||||
dotéz|dotéz||||||
dou|dou||||||
douce|douce||||||
doucemant|doucemant||||||
doucement|doucement||||||
doucent|doucent||||||
douces|douces||||||
douerr|douerr||||||
douerror|douerror||||||
doulenz|doulenz||||||
doumage|doumage||||||
doumaige|doumaige||||||
dous|dous||||||
dout|dout||||||
douter|douter||||||
douz|douz||||||
dovroit|dovroit||||||
dovéz|dovéz||||||
dozisme|dozisme||||||
doçe|doçe||||||
doïnt|doïnt||||||
dragon|dragon||||||
dragons|dragons||||||
draps|draps||||||
dras|dras||||||
draz|draz||||||
dreiture|dreiture||||||
driture|driture||||||
droit|droit||||||
droite|droite||||||
droiture|droiture||||||
droiz|droiz||||||
dru|dru||||||
drue|drue||||||
druz|druz||||||
du|du||||||
duc|duc||||||
duchesse|duchesse||||||
ducx|ducx||||||
duel|duel||||||
dui|dui||||||
dunc|dunc||||||
dunt|dunt||||||
duoil|duoil||||||
duol|duol||||||
dur|dur||||||
durable|durable||||||
durament|durament||||||
durast|durast||||||
duree|duree||||||
duremant|duremant||||||
durement|durement||||||
durer|durer||||||
dus|dus||||||
dux|dux||||||
dè|dè||||||
dès|dès||||||
d’|d’||||||
e|e||||||
ector|ector||||||
effroi|effroi||||||
egals|egals||||||
ei|ei||||||
eilz|eilz||||||
einging|einging||||||
eingins|eingins||||||
einsi|einsi||||||
eissille|eissille||||||
el|el||||||
ele|ele||||||
elecion|elecion||||||
eleyne|eleyne||||||
elfis|elfis||||||
elimenon|elimenon||||||
elimenons|elimenons||||||
elimenonz|elimenonz||||||
elle|elle||||||
ellir|ellir||||||
els|els||||||
elz|elz||||||
em|em||||||
emblé|emblé||||||
emender|emender||||||
en|en||||||
enavant|enavant||||||
enbatuz|enbatuz||||||
enbendees|enbendees||||||
enblé|enblé||||||
enbrace|enbrace||||||
enbracier|enbracier||||||
enbrasee|enbrasee||||||
enbruncié|enbruncié||||||
enchaené|enchaené||||||
enchargiéz|enchargiéz||||||
encharnacion|encharnacion||||||
enchoper|enchoper||||||
enchouper|enchouper||||||
enci|enci||||||
encline|encline||||||
enclos|enclos||||||
enclose|enclose||||||
encoi|encoi||||||
encois|encois||||||
encontra|encontra||||||
encontre|encontre||||||
encontremont|encontremont||||||
encontré|encontré||||||
encoper|encoper||||||
encor|encor||||||
encors|encors||||||
encoupement|encoupement||||||
encoupéz|encoupéz||||||
encui|encui||||||
endroit|endroit||||||
endroiz|endroiz||||||
endurer|endurer||||||
enels|enels||||||
enemis|enemis||||||
enes|enes||||||
enfaint|enfaint||||||
enfans|enfans||||||
enfanz|enfanz||||||
enfern|enfern||||||
enfuit|enfuit||||||
engegnié|engegnié||||||
engendréz|engendréz||||||
engenoila|engenoila||||||
engignier|engignier||||||
engignié|engignié||||||
engignos|engignos||||||
engin|engin||||||
enging|enging||||||
engombréz|engombréz||||||
engrevéz|engrevéz||||||
engrés|engrés||||||
enjanz|enjanz||||||
enlevent|enlevent||||||
enlomine|enlomine||||||
enmeine|enmeine||||||
enmena|enmena||||||
enmene|enmene||||||
enmenez|enmenez||||||
enmenrois|enmenrois||||||
enmi|enmi||||||
enmoine|enmoine||||||
ennemis|ennemis||||||
enom|enom||||||
enpeintes|enpeintes||||||
enpereor|enpereor||||||
enpire|enpire||||||
enplaitres|enplaitres||||||
enporta|enporta||||||
enprensist|enprensist||||||
enpres|enpres||||||
enpris|enpris||||||
enprise|enprise||||||
enprist|enprist||||||
enprés|enprés||||||
enquerre|enquerre||||||
ens|ens||||||
ensaigne|ensaigne||||||
ensegne|ensegne||||||
enseigne|enseigne||||||
enseignes|enseignes||||||
ensellé|ensellé||||||
ensement|ensement||||||
ensenble|ensenble||||||
ensi|ensi||||||
ensiment|ensiment||||||
ensir|ensir||||||
ensue|ensue||||||
entedez|entedez||||||
entendez|entendez||||||
entendoit|entendoit||||||
entendre|entendre||||||
entendu|entendu||||||
entendue|entendue||||||
entendéz|entendéz||||||
entent|entent||||||
enteréz|enteréz||||||
entier|entier||||||
entor|entor||||||
entorna|entorna||||||
entorne|entorne||||||
entra|entra||||||
entramesist|entramesist||||||
entramete|entramete||||||
entre|entre||||||
entree|entree||||||
entremet|entremet||||||
entremetoit|entremetoit||||||
entremetre|entremetre||||||
entremist|entremist||||||
entrepris|entrepris||||||
entreprise|entreprise||||||
entrepriz|entrepriz||||||
entrer|entrer||||||
entrera|entrera||||||
entrerent|entrerent||||||
entres|entres||||||
entresaigne|entresaigne||||||
entreveü|entreveü||||||
entreveüe|entreveüe||||||
entrevoient|entrevoient||||||
entre•ls|entre•ls||||||
entroille|entroille||||||
entré|entré||||||
entréz|entréz||||||
entr’|entr’||||||
enui|enui||||||
enuia|enuia||||||
enuis|enuis||||||
enus|enus||||||
envaï|envaï||||||
envaïr|envaïr||||||
envers|envers||||||
enverse|enverse||||||
envoia|envoia||||||
envoier|envoier||||||
enz|enz||||||
erament|erament||||||
eraüre|eraüre||||||
erbe|erbe||||||
erberges|erberges||||||
erbergier|erbergier||||||
erbergierent|erbergierent||||||
erbergié|erbergié||||||
erberjes|erberjes||||||
ere|ere||||||
eritage|eritage||||||
eritaige|eritaige||||||
ernoi|ernoi||||||
ernois|ernois||||||
eror|eror||||||
error|error||||||
ersoir|ersoir||||||
ert|ert||||||
es|es||||||
esa|esa||||||
esauchiéz|esauchiéz||||||
esbanoier|esbanoier||||||
esbaï|esbaï||||||
escampe|escampe||||||
escapé|escapé||||||
escarjement|escarjement||||||
escas|escas||||||
eschanperoit|eschanperoit||||||
eschanpéz|eschanpéz||||||
eschapa|eschapa||||||
eschaper|eschaper||||||
eschaperent|eschaperent||||||
eschapé|eschapé||||||
eschapéz|eschapéz||||||
eschaufer|eschaufer||||||
eschoutez|eschoutez||||||
esclaire|esclaire||||||
esclairiz|esclairiz||||||
esclauonie|esclauonie||||||
escole|escole||||||
escondie|escondie||||||
escondira|escondira||||||
escondire|escondire||||||
escondis|escondis||||||
escondit|escondit||||||
escondiz|escondiz||||||
escontera|escontera||||||
escontré|escontré||||||
escopes|escopes||||||
escorchier|escorchier||||||
escoté|escoté||||||
escouta|escouta||||||
escoute|escoute||||||
escouter|escouter||||||
escoutez|escoutez||||||
escouté|escouté||||||
escoutéz|escoutéz||||||
escrie|escrie||||||
escriee|escriee||||||
escriees|escriees||||||
escrire|escrire||||||
escrit|escrit||||||
escriz|escriz||||||
escrïee|escrïee||||||
escu|escu||||||
escuder|escuder||||||
escudier|escudier||||||
escudiers|escudiers||||||
escuier|escuier||||||
escuiers|escuiers||||||
escutez|escutez||||||
escuz|escuz||||||
esfree|esfree||||||
esfreeéz|esfreeéz||||||
esfroi|esfroi||||||
esgarda|esgarda||||||
esgarde|esgarde||||||
esgardees|esgardees||||||
esgarder|esgarder||||||
esgardoit|esgardoit||||||
esgardé|esgardé||||||
esgardéz|esgardéz||||||
esgart|esgart||||||
esgaréz|esgaréz||||||
esil|esil||||||
esjoier|esjoier||||||
eslais|eslais||||||
eslire|eslire||||||
eslis|eslis||||||
eslit|eslit||||||
esliz|esliz||||||
eslongé|eslongé||||||
esmaie|esmaie||||||
esmaier|esmaier||||||
esmaiez|esmaiez||||||
esmaiéz|esmaiéz||||||
esmende|esmende||||||
esmender|esmender||||||
esmendier|esmendier||||||
esmé|esmé||||||
esparvier|esparvier||||||
espee|espee||||||
espees|espees||||||
esperduz|esperduz||||||
espie|espie||||||
espié|espié||||||
esploit|esploit||||||
esploiter|esploiter||||||
esploitier|esploitier||||||
espés|espés||||||
essagier|essagier||||||
essill|essill||||||
essille|essille||||||
est|est||||||
establie|establie||||||
estage|estage||||||
estagies|estagies||||||
estaige|estaige||||||
estaint|estaint||||||
estait|estait||||||
estance|estance||||||
este|este||||||
esteient|esteient||||||
estent|estent||||||
ester|ester||||||
estes|estes||||||
estez|estez||||||
estier|estier||||||
estoie|estoie||||||
estoien|estoien||||||
estoient|estoient||||||
estoilles|estoilles||||||
estoir|estoir||||||
estoire|estoire||||||
estoit|estoit||||||
estoiz|estoiz||||||
estons|estons||||||
estor|estor||||||
estorie|estorie||||||
estormie|estormie||||||
estors|estors||||||
estort|estort||||||
estrainges|estrainges||||||
estrange|estrange||||||
estranges|estranges||||||
estrangier|estrangier||||||
estre|estre||||||
estregnoit|estregnoit||||||
estreint|estreint||||||
estrief|estrief||||||
estroit|estroit||||||
estudiosement|estudiosement||||||
estuet|estuet||||||
estuit|estuit||||||
estut|estut||||||
esté|esté||||||
estïéz|estïéz||||||
esveillier|esveillier||||||
esveiloit|esveiloit||||||
esvelle|esvelle||||||
esvertue|esvertue||||||
et|et||||||
ethimolocie|ethimolocie||||||
etle|etle||||||
eu|eu||||||
eue|eue||||||
eues|eues||||||
euls|euls||||||
eumenedie|eumenedie||||||
eumes|eumes||||||
eus|eus||||||
euz|euz||||||
eve|eve||||||
eves|eves||||||
eïssuz|eïssuz||||||
eü|eü||||||
eües|eües||||||
eüse|eüse||||||
eüsent|eüsent||||||
eüsse|eüsse||||||
eüssent|eüssent||||||
eüssés|eüssés||||||
eüssïéz|eüssïéz||||||
eüst|eüst||||||
e•|e•||||||
e•l|e•l||||||
fa|fa||||||
fable|fable||||||
face|face||||||
facent|facent||||||
faces|faces||||||
fachois|fachois||||||
fachoiz|fachoiz||||||
faerromes|faerromes||||||
fai|fai||||||
failir|failir||||||
faille|faille||||||
faillie|faillie||||||
faillir|faillir||||||
faire|faire||||||
fais|fais||||||
faisans|faisans||||||
faisoit|faisoit||||||
fait|fait||||||
faite|faite||||||
faites|faites||||||
faiz|faiz||||||
fame|fame||||||
far|far||||||
farai|farai||||||
faras|faras||||||
farons|farons||||||
fasioit|fasioit||||||
fasoient|fasoient||||||
fasoit|fasoit||||||
fau|fau||||||
faudroit|faudroit||||||
faus|faus||||||
fausetéz|fausetéz||||||
fausé|fausé||||||
fauséz|fauséz||||||
faut|faut||||||
fauz|fauz||||||
façon|façon||||||
faïst|faïst||||||
fe|fe||||||
fealté|fealté||||||
feble|feble||||||
feignoient|feignoient||||||
fein|fein||||||
feis|feis||||||
feit|feit||||||
feite|feite||||||
feites|feites||||||
felipoble|felipoble||||||
felipon|felipon||||||
fellips|fellips||||||
fellons|fellons||||||
felon|felon||||||
felonie|felonie||||||
felons|felons||||||
fema|fema||||||
feme|feme||||||
femes|femes||||||
fendu|fendu||||||
fenestre|fenestre||||||
fent|fent||||||
fentise|fentise||||||
fer|fer||||||
fera|fera||||||
ferai|ferai||||||
feras|feras||||||
fere|fere||||||
ferer|ferer||||||
ferez|ferez||||||
feri|feri||||||
ferir|ferir||||||
fermee|fermee||||||
ferment|ferment||||||
fermé|fermé||||||
ferméz|ferméz||||||
feroie|feroie||||||
feroient|feroient||||||
ferois|ferois||||||
feroit|feroit||||||
feroiz|feroiz||||||
feron|feron||||||
ferons|ferons||||||
feront|feront||||||
ferra|ferra||||||
ferrir|ferrir||||||
ferru|ferru||||||
feru|feru||||||
feruz|feruz||||||
ferés|ferés||||||
feréz|feréz||||||
ferïéz|ferïéz||||||
fesoit|fesoit||||||
fessise|fessise||||||
feste|feste||||||
fet|fet||||||
fetes|fetes||||||
feu|feu||||||
fez|fez||||||
feïsse|feïsse||||||
feïssent|feïssent||||||
feïst|feïst||||||
feïstes|feïstes||||||
fi|fi||||||
fiance|fiance||||||
fier|fier||||||
fiere|fiere||||||
fierement|fierement||||||
fierent|fierent||||||
fiers|fiers||||||
fiert|fiert||||||
fiet|fiet||||||
fil|fil||||||
filepoble|filepoble||||||
filipes|filipes||||||
filipoble|filipoble||||||
filipoborz|filipoborz||||||
filipoboz|filipoboz||||||
filipon|filipon||||||
filipons|filipons||||||
filips|filips||||||
fill|fill||||||
fille|fille||||||
fillipon|fillipon||||||
fils|fils||||||
filz|filz||||||
fin|fin||||||
finee|finee||||||
finiment|finiment||||||
fins|fins||||||
firent|firent||||||
fis|fis||||||
fist|fist||||||
fiu|fiu||||||
fiz|fiz||||||
flanbe|flanbe||||||
fleons|fleons||||||
floblir|floblir||||||
flocarz|flocarz||||||
flochart|flochart||||||
flocharz|flocharz||||||
floiremont|floiremont||||||
floqart|floqart||||||
floqarz|floqarz||||||
floquart|floquart||||||
floquarz|floquarz||||||
flor|flor||||||
floremont|floremont||||||
floremonz|floremonz||||||
floriamont|floriamont||||||
floriemont|floriemont||||||
flors|flors||||||
florz|florz||||||
fobles|fobles||||||
foi|foi||||||
foiee|foiee||||||
foille|foille||||||
fois|fois||||||
foit|foit||||||
foiz|foiz||||||
fol|fol||||||
folage|folage||||||
fole|fole||||||
folie|folie||||||
follement|follement||||||
follie|follie||||||
fomes|fomes||||||
fon|fon||||||
fondu|fondu||||||
font|font||||||
for|for||||||
force|force||||||
forfait|forfait||||||
forgier|forgier||||||
formant|formant||||||
forment|forment||||||
formé|formé||||||
forn|forn||||||
fors|fors||||||
forsenéz|forsenéz||||||
fort|fort||||||
fortune|fortune||||||
forz|forz||||||
foréz|foréz||||||
fossés|fossés||||||
fous|fous||||||
foux|foux||||||
fouz|fouz||||||
foz|foz||||||
fraint|fraint||||||
frait|frait||||||
fraite|fraite||||||
fraites|fraites||||||
franc|franc||||||
franche|franche||||||
françois|françois||||||
fremist|fremist||||||
frere|frere||||||
freres|freres||||||
fresc|fresc||||||
fresche|fresche||||||
frise|frise||||||
froide|froide||||||
froissier|froissier||||||
front|front||||||
fruit|fruit||||||
fruiz|fruiz||||||
fu|fu||||||
fuer|fuer||||||
fui|fui||||||
fuianz|fuianz||||||
fuient|fuient||||||
fuira|fuira||||||
fuissés|fuissés||||||
fuit|fuit||||||
fumes|fumes||||||
funt|funt||||||
furen|furen||||||
furent|furent||||||
fusent|fusent||||||
fusse|fusse||||||
fussent|fussent||||||
fussiez|fussiez||||||
fussiéz|fussiéz||||||
fust|fust||||||
fustes|fustes||||||
ga|ga||||||
gaagniéz|gaagniéz||||||
gabarie|gabarie||||||
gabastes|gabastes||||||
gabent|gabent||||||
gaber|gaber||||||
gaberie|gaberie||||||
gabois|gabois||||||
gabé|gabé||||||
gabéz|gabéz||||||
gahagnier|gahagnier||||||
gahagniéz|gahagniéz||||||
gahaing|gahaing||||||
gahaingz|gahaingz||||||
gaire|gaire||||||
gaires|gaires||||||
gairez|gairez||||||
gais|gais||||||
gaiter|gaiter||||||
gant|gant||||||
gara|gara||||||
garant|garant||||||
garda|garda||||||
gardast|gardast||||||
garde|garde||||||
garden|garden||||||
garder|garder||||||
gardera|gardera||||||
garderent|garderent||||||
gardez|gardez||||||
gardier|gardier||||||
gardoient|gardoient||||||
gardoit|gardoit||||||
gardé|gardé||||||
gardéz|gardéz||||||
garganeüs|garganeüs||||||
gari|gari||||||
garie|garie||||||
garir|garir||||||
gariz|gariz||||||
garnie|garnie||||||
garniz|garniz||||||
garra|garra||||||
garras|garras||||||
garri|garri||||||
garz|garz||||||
garçon|garçon||||||
garçons|garçons||||||
garçonz|garçonz||||||
gas|gas||||||
gastee|gastee||||||
ge|ge||||||
geire|geire||||||
gelfun|gelfun||||||
gelfus|gelfus||||||
genoila|genoila||||||
gens|gens||||||
gent|gent||||||
gentil|gentil||||||
gentils|gentils||||||
genuoil|genuoil||||||
genz|genz||||||
gererdoner|gererdoner||||||
gerir|gerir||||||
geroier|geroier||||||
geroiéz|geroiéz||||||
gerpie|gerpie||||||
gerre|gerre||||||
gesir|gesir||||||
gessir|gessir||||||
geu|geu||||||
geü|geü||||||
ge•l|ge•l||||||
gia|gia||||||
gier|gier||||||
gierdon|gierdon||||||
gisir|gisir||||||
gisoit|gisoit||||||
gitee|gitee||||||
giterent|giterent||||||
gitoit|gitoit||||||
gité|gité||||||
glace|glace||||||
glanduiz|glanduiz||||||
glorie|glorie||||||
godemanz|godemanz||||||
gole|gole||||||
grahant|grahant||||||
grahante|grahante||||||
grant|grant||||||
granz|granz||||||
gravier|gravier||||||
gravoi|gravoi||||||
grece|grece||||||
grecois|grecois||||||
gregnor|gregnor||||||
grenon|grenon||||||
greu|greu||||||
greus|greus||||||
grever|grever||||||
grevéz|grevéz||||||
grez|grez||||||
grezois|grezois||||||
greçois|greçois||||||
grief|grief||||||
griet|griet||||||
grieve|grieve||||||
gris|gris||||||
gros|gros||||||
grues|grues||||||
gré|gré||||||
gréz|gréz||||||
guarir|guarir||||||
gueerdon|gueerdon||||||
guenciz|guenciz||||||
guere|guere||||||
guererdon|guererdon||||||
gueroier|gueroier||||||
guerre|guerre||||||
guia|guia||||||
guierdon|guierdon||||||
guierdons|guierdons||||||
guise|guise||||||
guit|guit||||||
gut|gut||||||
g’|g’||||||
ha|ha||||||
hai|hai||||||
haie|haie||||||
hait|hait||||||
hamers|hamers||||||
haume|haume||||||
haumes|haumes||||||
haïr|haïr||||||
heaumes|heaumes||||||
heent|heent||||||
henemi|henemi||||||
henemis|henemis||||||
henor|henor||||||
henoré|henoré||||||
henui|henui||||||
herbergier|herbergier||||||
herbergiéz|herbergiéz||||||
hernois|hernois||||||
het|het||||||
heü|heü||||||
hi|hi||||||
ho|ho||||||
hom|hom||||||
homaige|homaige||||||
homaiges|homaiges||||||
home|home||||||
homel|homel||||||
homenaige|homenaige||||||
homes|homes||||||
hon|hon||||||
honir|honir||||||
honiz|honiz||||||
honor|honor||||||
honorer|honorer||||||
honorier|honorier||||||
honoriéz|honoriéz||||||
honoréz|honoréz||||||
hont|hont||||||
hontage|hontage||||||
honte|honte||||||
honteusement|honteusement||||||
hontose|hontose||||||
hontouse|hontouse||||||
hordenez|hordenez||||||
horgueil|horgueil||||||
hoscure|hoscure||||||
hoste|hoste||||||
hostel|hostel||||||
hosteras|hosteras||||||
hosterent|hosterent||||||
hostes|hostes||||||
hostéz|hostéz||||||
hotroier|hotroier||||||
hu|hu||||||
huimais|huimais||||||
huimes|huimes||||||
huimés|huimés||||||
humilité|humilité||||||
i|i||||||
ia|ia||||||
ice|ice||||||
icel|icel||||||
icele|icele||||||
icelle|icelle||||||
icels|icels||||||
iceus|iceus||||||
ici|ici||||||
ie|ie||||||
iels|iels||||||
ielz|ielz||||||
ienz|ienz||||||
ier|ier||||||
iert|iert||||||
ie•l|ie•l||||||
igal|igal||||||
il|il||||||
ildui|ildui||||||
ili|ili||||||
ilrenos|ilrenos||||||
iluec|iluec||||||
imis|imis||||||
in|in||||||
inauçe|inauçe||||||
inavréz|inavréz||||||
inchauçe|inchauçe||||||
ingignéz|ingignéz||||||
inperaor|inperaor||||||
intent|intent||||||
intreseigne|intreseigne||||||
inviron|inviron||||||
invirone|invirone||||||
iont|iont||||||
iovencel|iovencel||||||
ira|ira||||||
irai|irai||||||
iras|iras||||||
irascuz|irascuz||||||
irastre|irastre||||||
ire|ire||||||
ireement|ireement||||||
irié|irié||||||
iriéz|iriéz||||||
iroie|iroie||||||
irois|irois||||||
irons|irons||||||
iront|iront||||||
isdous|isdous||||||
isent|isent||||||
isle|isle||||||
islecelee|islecelee||||||
islecellee|islecellee||||||
isnelemant|isnelemant||||||
isnelement|isnelement||||||
isnellemant|isnellemant||||||
isnellement|isnellement||||||
isneus|isneus||||||
issent|issent||||||
issi|issi||||||
issir|issir||||||
issuz|issuz||||||
istoire|istoire||||||
itanz|itanz||||||
itel|itel||||||
ivediain|ivediain||||||
ivediains|ivediains||||||
ivre|ivre||||||
ja|ja||||||
jamais|jamais||||||
jances|jances||||||
janz|janz||||||
je|je||||||
jens|jens||||||
jent|jent||||||
jenz|jenz||||||
jeu|jeu||||||
jeuene|jeuene||||||
jeus|jeus||||||
jeüné|jeüné||||||
je•|je•||||||
je•l|je•l||||||
jl|jl||||||
jles|jles||||||
joi|joi||||||
joiant|joiant||||||
joie|joie||||||
joier|joier||||||
joine|joine||||||
joiosement|joiosement||||||
jor|jor||||||
jorn|jorn||||||
jornee|jornee||||||
jornees|jornees||||||
jors|jors||||||
jorz|jorz||||||
josta|josta||||||
joste|joste||||||
joster|joster||||||
jostes|jostes||||||
jostise|jostise||||||
josté|josté||||||
jovencel|jovencel||||||
jovencels|jovencels||||||
jovenceuz|jovenceuz||||||
jovene|jovene||||||
joïse|joïse||||||
jugement|jugement||||||
jugier|jugier||||||
jujement|jujement||||||
jure|jure||||||
jurerai|jurerai||||||
juré|juré||||||
jus|jus||||||
jusque|jusque||||||
jusqu’|jusqu’||||||
justice|justice||||||
justise|justise||||||
jut|jut||||||
j’|j’||||||
l|l||||||
la|la||||||
labor|labor||||||
lademain|lademain||||||
lague|lague||||||
lai|lai||||||
laienz|laienz||||||
laira|laira||||||
lais|lais||||||
laise|laise||||||
laiser|laiser||||||
laiseroit|laiseroit||||||
laisez|laisez||||||
laisiéz|laisiéz||||||
laisons|laisons||||||
laissa|laissa||||||
laissai|laissai||||||
laissaroit|laissaroit||||||
laisse|laisse||||||
laissent|laissent||||||
laissez|laissez||||||
laissier|laissier||||||
laissié|laissié||||||
laisséz|laisséz||||||
laist|laist||||||
lait|lait||||||
lance|lance||||||
lancer|lancer||||||
lances|lances||||||
lancier|lancier||||||
languir|languir||||||
laquel|laquel||||||
largece|largece||||||
largement|largement||||||
larges|larges||||||
largeté|largeté||||||
largetéz|largetéz||||||
las|las||||||
lasaras|lasaras||||||
lasast|lasast||||||
lase|lase||||||
lasse|lasse||||||
lassier|lassier||||||
lassiez|lassiez||||||
lassié|lassié||||||
lassé|lassé||||||
lasuns|lasuns||||||
lasus|lasus||||||
latina|latina||||||
latine|latine||||||
latinz|latinz||||||
latornera|latornera||||||
lava|lava||||||
lavee|lavee||||||
lavees|lavees||||||
laver|laver||||||
lavez|lavez||||||
lavier|lavier||||||
lavé|lavé||||||
lavéz|lavéz||||||
laz|laz||||||
le|le||||||
legier|legier||||||
legiere|legiere||||||
legue|legue||||||
leiaus|leiaus||||||
leine|leine||||||
leingue|leingue||||||
leiseront|leiseront||||||
leissoit|leissoit||||||
lenguage|lenguage||||||
lengue|lengue||||||
lent|lent||||||
lentemant|lentemant||||||
leodis|leodis||||||
leodiz|leodiz||||||
leon|leon||||||
leonos|leonos||||||
leons|leons||||||
les|les||||||
lestre|lestre||||||
letre|letre||||||
leu|leu||||||
leue|leue||||||
leues|leues||||||
leuez|leuez||||||
leus|leus||||||
leva|leva||||||
levant|levant||||||
leve|leve||||||
levee|levee||||||
lever|lever||||||
leverent|leverent||||||
levez|levez||||||
levé|levé||||||
levéz|levéz||||||
lez|lez||||||
li|li||||||
lial|lial||||||
lialment|lialment||||||
lials|lials||||||
liart|liart||||||
libi|libi||||||
lichieres|lichieres||||||
lieve|lieve||||||
liez|liez||||||
ligierement|ligierement||||||
ligiers|ligiers||||||
lignage|lignage||||||
lignages|lignages||||||
lignaige|lignaige||||||
lignazes|lignazes||||||
lignee|lignee||||||
ligue|ligue||||||
liodis|liodis||||||
lion|lion||||||
lioncel|lioncel||||||
lionois|lionois||||||
lions|lions||||||
liopars|liopars||||||
liopart|liopart||||||
lipriane|lipriane||||||
liquel|liquel||||||
lir|lir||||||
lise|lise||||||
lit|lit||||||
liue|liue||||||
liues|liues||||||
livra|livra||||||
livre|livre||||||
livrer|livrer||||||
livrera|livrera||||||
livres|livres||||||
livreson|livreson||||||
livresons|livresons||||||
livréz|livréz||||||
liz|liz||||||
lié|lié||||||
liéz|liéz||||||
ll’|ll’||||||
lo|lo||||||
loe|loe||||||
loer|loer||||||
loez|loez||||||
loges|loges||||||
loi|loi||||||
loial|loial||||||
loialment|loialment||||||
loiaument|loiaument||||||
loiaus|loiaus||||||
loiauz|loiauz||||||
loier|loier||||||
loiges|loiges||||||
loigé|loigé||||||
loing|loing||||||
loiéz|loiéz||||||
lonc|lonc||||||
longe|longe||||||
longemant|longemant||||||
longement|longement||||||
longier|longier||||||
longuement|longuement||||||
lonja|lonja||||||
lonor|lonor||||||
lor|lor||||||
lore|lore||||||
lors|lors||||||
los|los||||||
losengier|losengier||||||
lou|lou||||||
lougier|lougier||||||
lous|lous||||||
lout|lout||||||
loër|loër||||||
lu|lu||||||
lui|lui||||||
lune|lune||||||
lungemant|lungemant||||||
là|là||||||
làs|làs||||||
lé|lé||||||
lì|lì||||||
lïon|lïon||||||
l’|l’||||||
ma|ma||||||
mabre|mabre||||||
macedoine|macedoine||||||
madame|madame||||||
maestre|maestre||||||
mag|mag||||||
magalon|magalon||||||
magre|magre||||||
mai|mai||||||
mailles|mailles||||||
main|main||||||
maine|maine||||||
mains|mains||||||
maint|maint||||||
mainte|mainte||||||
maintenir|maintenir||||||
maintes|maintes||||||
mais|mais||||||
maison|maison||||||
maisons|maisons||||||
maistre|maistre||||||
maitin|maitin||||||
maiz|maiz||||||
mal|mal||||||
malades|malades||||||
malage|malage||||||
male|male||||||
malemant|malemant||||||
malement|malement||||||
malonz|malonz||||||
manantie|manantie||||||
manda|manda||||||
mande|mande||||||
mandee|mandee||||||
mander|mander||||||
manderoit|manderoit||||||
mandez|mandez||||||
mandé|mandé||||||
mandéz|mandéz||||||
manentie|manentie||||||
mangera|mangera||||||
mangier|mangier||||||
mangié|mangié||||||
mangé|mangé||||||
maniere|maniere||||||
manja|manja||||||
manjarent|manjarent||||||
manjastes|manjastes||||||
mant|mant||||||
mante|mante||||||
mantel|mantel||||||
mantenant|mantenant||||||
mantenir|mantenir||||||
mantenoit|mantenoit||||||
mantenéz|mantenéz||||||
manz|manz||||||
manç|manç||||||
marbre|marbre||||||
marbrinz|marbrinz||||||
mari|mari||||||
mariage|mariage||||||
mariaige|mariaige||||||
mariee|mariee||||||
marine|marine||||||
masice|masice||||||
masnee|masnee||||||
masse|masse||||||
mastre|mastre||||||
mastres|mastres||||||
mat|mat||||||
matachas|matachas||||||
mataquaz|mataquaz||||||
matee|matee||||||
matin|matin||||||
maté|maté||||||
mau|mau||||||
maudient|maudient||||||
maudite|maudite||||||
maufé|maufé||||||
maus|maus||||||
mautalant|mautalant||||||
mauvais|mauvais||||||
mauvasement|mauvasement||||||
mauveis|mauveis||||||
mauves|mauves||||||
mauvesement|mauvesement||||||
mauvez|mauvez||||||
mauvés|mauvés||||||
maves|maves||||||
mavés|mavés||||||
me|me||||||
meagniéz|meagniéz||||||
meain|meain||||||
medecine|medecine||||||
medon|medon||||||
meesme|meesme||||||
meestre|meestre||||||
meiliain|meiliain||||||
meillor|meillor||||||
meillors|meillors||||||
meilor|meilor||||||
mein|mein||||||
meina|meina||||||
meine|meine||||||
meins|meins||||||
meinz|meinz||||||
meis|meis||||||
meisages|meisages||||||
meison|meison||||||
meistier|meistier||||||
meistre|meistre||||||
meldres|meldres||||||
meliain|meliain||||||
mels|mels||||||
memoire|memoire||||||
mena|mena||||||
menace|menace||||||
menbra|menbra||||||
menbre|menbre||||||
menbres|menbres||||||
menee|menee||||||
menenz|menenz||||||
mener|mener||||||
menera|menera||||||
menoit|menoit||||||
menons|menons||||||
menroiz|menroiz||||||
menrons|menrons||||||
menréz|menréz||||||
ment|ment||||||
menteüz|menteüz||||||
menti|menti||||||
mentir|mentir||||||
mentiroie|mentiroie||||||
menton|menton||||||
mentre|mentre||||||
menz|menz||||||
mençogne|mençogne||||||
mençognes|mençognes||||||
mençonge|mençonge||||||
mençongier|mençongier||||||
mençonçere|mençonçere||||||
mené|mené||||||
menéz|menéz||||||
mer|mer||||||
meraveille|meraveille||||||
merchaant|merchaant||||||
merchandie|merchandie||||||
mercheant|mercheant||||||
mercheanz|mercheanz||||||
merci|merci||||||
mercie|mercie||||||
merciz|merciz||||||
mere|mere||||||
merveil|merveil||||||
merveila|merveila||||||
merveill|merveill||||||
merveille|merveille||||||
merveilles|merveilles||||||
merveillé|merveillé||||||
mervoile|mervoile||||||
mervoiles|mervoiles||||||
mervoille|mervoille||||||
mervoilles|mervoilles||||||
mervuol|mervuol||||||
mes|mes||||||
mesage|mesage||||||
mesages|mesages||||||
mesagier|mesagier||||||
mesagiers|mesagiers||||||
mesaige|mesaige||||||
mesaiges|mesaiges||||||
mesaise|mesaise||||||
mesaventure|mesaventure||||||
meschine|meschine||||||
meschyne|meschyne||||||
mescine|mescine||||||
mescinne|mescinne||||||
mescreoit|mescreoit||||||
mescreot|mescreot||||||
mescroit|mescroit||||||
mesfist|mesfist||||||
mesion|mesion||||||
mesire|mesire||||||
meslé|meslé||||||
mesléz|mesléz||||||
mesprenéz|mesprenéz||||||
mespris|mespris||||||
message|message||||||
messaige|messaige||||||
messire|messire||||||
mestier|mestier||||||
mestiers|mestiers||||||
mestre|mestre||||||
mestres|mestres||||||
mesure|mesure||||||
mesurees|mesurees||||||
met|met||||||
mete|mete||||||
metes|metes||||||
metez|metez||||||
metons|metons||||||
metra|metra||||||
metrai|metrai||||||
metre|metre||||||
metroiz|metroiz||||||
metrons|metrons||||||
metéz|metéz||||||
meudre|meudre||||||
meus|meus||||||
meuz|meuz||||||
meïne|meïne||||||
meïsme|meïsme||||||
meïsmes|meïsmes||||||
meü|meü||||||
me•l|me•l||||||
mi|mi||||||
midi|midi||||||
mie|mie||||||
mieaus|mieaus||||||
miels|miels||||||
mien|mien||||||
mienz|mienz||||||
mier|mier||||||
mieulz|mieulz||||||
mieus|mieus||||||
mieuz|mieuz||||||
mil|mil||||||
milete|milete||||||
mille|mille||||||
milles|milles||||||
millie|millie||||||
mire|mire||||||
mires|mires||||||
mis|mis||||||
miscine|miscine||||||
mise|mise||||||
mises|mises||||||
misire|misire||||||
misist|misist||||||
mist|mist||||||
moi|moi||||||
moie|moie||||||
moine|moine||||||
mois|mois||||||
molin|molin||||||
molt|molt||||||
mon|mon||||||
monde|monde||||||
monseignor|monseignor||||||
mont|mont||||||
monta|monta||||||
monte|monte||||||
montee|montee||||||
montent|montent||||||
monter|monter||||||
monterent|monterent||||||
monté|monté||||||
montéz|montéz||||||
monz|monz||||||
mor|mor||||||
morai|morai||||||
morant|morant||||||
morez|morez||||||
morir|morir||||||
morne|morne||||||
moroie|moroie||||||
moroit|moroit||||||
morra|morra||||||
mors|mors||||||
mort|mort||||||
morte|morte||||||
morz|morz||||||
mosniere|mosniere||||||
mostrant|mostrant||||||
mostrast|mostrast||||||
mostre|mostre||||||
mostree|mostree||||||
mostrer|mostrer||||||
mostrerai|mostrerai||||||
mostrerons|mostrerons||||||
mostres|mostres||||||
mostrier|mostrier||||||
mostroit|mostroit||||||
mostré|mostré||||||
mostréz|mostréz||||||
mot|mot||||||
mou|mou||||||
moustre|moustre||||||
moustroit|moustroit||||||
mout|mout||||||
moutes|moutes||||||
movoir|movoir||||||
movoit|movoit||||||
movra|movra||||||
moz|moz||||||
moïne|moïne||||||
moü|moü||||||
mue|mue||||||
muer|muer||||||
muet|muet||||||
mui|mui||||||
mult|mult||||||
muoir|muoir||||||
muor|muor||||||
murez|murez||||||
muroient|muroient||||||
murs|murs||||||
mut|mut||||||
mué|mué||||||
més|més||||||
m’|m’||||||
n|n||||||
na|na||||||
nagerent|nagerent||||||
nai|nai||||||
naie|naie||||||
naist|naist||||||
napes|napes||||||
naroc|naroc||||||
naroe|naroe||||||
nasoit|nasoit||||||
nastre|nastre||||||
nature|nature||||||
navie|navie||||||
navra|navra||||||
navrer|navrer||||||
navré|navré||||||
navréz|navréz||||||
ne|ne||||||
nector|nector||||||
nee|nee||||||
nef|nef||||||
negun|negun||||||
neguns|neguns||||||
nel|nel||||||
nels|nels||||||
nemis|nemis||||||
nen|nen||||||
nenenbla|nenenbla||||||
nenil|nenil||||||
neroc|neroc||||||
nes|nes||||||
nessuns|nessuns||||||
neveu|neveu||||||
nevou|nevou||||||
nez|nez||||||
ne•|ne•||||||
ne•l|ne•l||||||
ne•ls|ne•ls||||||
ni|ni||||||
nient|nient||||||
nin|nin||||||
niés|niés||||||
ni•l|ni•l||||||
no|no||||||
noble|noble||||||
noblece|noblece||||||
noblement|noblement||||||
noient|noient||||||
noine|noine||||||
noire|noire||||||
noise|noise||||||
noisse|noisse||||||
noiz|noiz||||||
noli|noli||||||
nom|nom||||||
noma|noma||||||
nome|nome||||||
nomee|nomee||||||
nomees|nomees||||||
noment|noment||||||
nomer|nomer||||||
nomoit|nomoit||||||
nomé|nomé||||||
noméz|noméz||||||
non|non||||||
nonchaloir|nonchaloir||||||
none|none||||||
nonpooir|nonpooir||||||
nons|nons||||||
norant|norant||||||
nordan|nordan||||||
nordanz|nordanz||||||
nori|nori||||||
norie|norie||||||
norir|norir||||||
nos|nos||||||
nostre|nostre||||||
nostres|nostres||||||
nostr’|nostr’||||||
noune|noune||||||
novel|novel||||||
novele|novele||||||
novelle|novelle||||||
novellement|novellement||||||
noveus|noveus||||||
noveuz|noveuz||||||
novieus|novieus||||||
noël|noël||||||
nu|nu||||||
nubie|nubie||||||
nue|nue||||||
nui|nui||||||
nuit|nuit||||||
nul|nul||||||
nule|nule||||||
nulle|nulle||||||
nuls|nuls||||||
nului|nului||||||
nus|nus||||||
né|né||||||
nés|nés||||||
néz|néz||||||
n’|n’||||||
o|o||||||
obli|obli||||||
oblie|oblie||||||
obliees|obliees||||||
oblïee|oblïee||||||
ocire|ocire||||||
ocis|ocis||||||
ocist|ocist||||||
ocit|ocit||||||
ocïéz|ocïéz||||||
odor|odor||||||
oent|oent||||||
oi|oi||||||
oil|oil||||||
oimais|oimais||||||
oir|oir||||||
oirois|oirois||||||
oiseroie|oiseroie||||||
oit|oit||||||
olie|olie||||||
olifant|olifant||||||
olimpias|olimpias||||||
om|om||||||
ome|ome||||||
omelie|omelie||||||
omenage|omenage||||||
omenaige|omenaige||||||
omes|omes||||||
on|on||||||
onde|onde||||||
ong|ong||||||
ongement|ongement||||||
ongles|ongles||||||
ongre|ongre||||||
ongres|ongres||||||
ongrie|ongrie||||||
ongrieen|ongrieen||||||
ongrielor|ongrielor||||||
ongriem’|ongriem’||||||
ongrien’|ongrien’||||||
ongriequ’|ongriequ’||||||
ongrie’|ongrie’||||||
onguemant|onguemant||||||
onguement|onguement||||||
oni|oni||||||
oniç|oniç||||||
onor|onor||||||
onque|onque||||||
onques|onques||||||
ont|ont||||||
ontaige|ontaige||||||
onte|onte||||||
operte|operte||||||
or|or||||||
ora|ora||||||
ordena|ordena||||||
ordenees|ordenees||||||
ordre|ordre||||||
ore|ore||||||
oreille|oreille||||||
oreilles|oreilles||||||
oren|oren||||||
orendroi|orendroi||||||
orendroit|orendroit||||||
orent|orent||||||
ores|ores||||||
orfreis|orfreis||||||
orgoillos|orgoillos||||||
orgoilos|orgoilos||||||
orgueil|orgueil||||||
orgueilz|orgueilz||||||
orguel|orguel||||||
orguelos|orguelos||||||
orieflor|orieflor||||||
orine|orine||||||
oroistoil|oroistoil||||||
orrendroit|orrendroit||||||
os|os||||||
osa|osa||||||
osast|osast||||||
oscure|oscure||||||
oscures|oscures||||||
oseit|oseit||||||
osel|osel||||||
oseleor|oseleor||||||
oselz|oselz||||||
osera|osera||||||
oserai|oserai||||||
oseront|oseront||||||
osieus|osieus||||||
osieuz|osieuz||||||
osoit|osoit||||||
ossiers|ossiers||||||
ost|ost||||||
oste|oste||||||
osteier|osteier||||||
ostel|ostel||||||
oster|oster||||||
ostes|ostes||||||
osteuz|osteuz||||||
ostez|ostez||||||
ostéz|ostéz||||||
ot|ot||||||
otroi|otroi||||||
otroié|otroié||||||
ou|ou||||||
oucie|oucie||||||
oucire|oucire||||||
oucirons|oucirons||||||
oucis|oucis||||||
oucist|oucist||||||
oucit|oucit||||||
oucïez|oucïez||||||
ousast|ousast||||||
ousaste|ousaste||||||
ouse|ouse||||||
ouserent|ouserent||||||
ousez|ousez||||||
ousoit|ousoit||||||
ousor|ousor||||||
outramer|outramer||||||
outre|outre||||||
ouverte|ouverte||||||
overte|overte||||||
ovre|ovre||||||
ovrees|ovrees||||||
ovreors|ovreors||||||
ovrer|ovrer||||||
ovrez|ovrez||||||
ovri|ovri||||||
ovrir|ovrir||||||
ovré|ovré||||||
ovréz|ovréz||||||
oéz|oéz||||||
oëz|oëz||||||
oï|oï||||||
oïe|oïe||||||
oïl|oïl||||||
oïr|oïr||||||
oïra|oïra||||||
oïrez|oïrez||||||
oïréz|oïréz||||||
oïstes|oïstes||||||
où|où||||||
paierai|paierai||||||
paile|paile||||||
pain|pain||||||
paine|paine||||||
pais|pais||||||
paissages|paissages||||||
paissaiges|paissaiges||||||
paissanz|paissanz||||||
paiéz|paiéz||||||
palais|palais||||||
palefroi|palefroi||||||
palefrois|palefrois||||||
paleis|paleis||||||
palés|palés||||||
pan|pan||||||
panatier|panatier||||||
pant|pant||||||
paons|paons||||||
paor|paor||||||
par|par||||||
paradis|paradis||||||
parage|parage||||||
paraige|paraige||||||
parcevance|parcevance||||||
pardon|pardon||||||
pardonier|pardonier||||||
pardons|pardons||||||
pardonéz|pardonéz||||||
pareil|pareil||||||
pareill|pareill||||||
pareille|pareille||||||
pareilles|pareilles||||||
parente|parente||||||
parenté|parenté||||||
parenz|parenz||||||
parfonde|parfonde||||||
parfondement|parfondement||||||
parfont|parfont||||||
parla|parla||||||
parlant|parlant||||||
parlastes|parlastes||||||
parle|parle||||||
parlement|parlement||||||
parlent|parlent||||||
parler|parler||||||
parlera|parlera||||||
parleras|parleras||||||
parlerent|parlerent||||||
parlerois|parlerois||||||
parleroit|parleroit||||||
parlerons|parlerons||||||
parleront|parleront||||||
parloient|parloient||||||
parloit|parloit||||||
parlot|parlot||||||
parlé|parlé||||||
parléz|parléz||||||
parmi|parmi||||||
paroil|paroil||||||
paroiles|paroiles||||||
paroilles|paroilles||||||
paroit|paroit||||||
parole|parole||||||
paroles|paroles||||||
parquoi|parquoi||||||
pars|pars||||||
part|part||||||
parte|parte||||||
partent|partent||||||
parti|parti||||||
partie|partie||||||
partir|partir||||||
partira|partira||||||
partirons|partirons||||||
partiront|partiront||||||
partist|partist||||||
partiz|partiz||||||
parz|parz||||||
pas|pas||||||
pasaige|pasaige||||||
pasaroit|pasaroit||||||
paser|paser||||||
paserent|paserent||||||
pasiblement|pasiblement||||||
pasma|pasma||||||
pasme|pasme||||||
pasmee|pasmee||||||
pasméz|pasméz||||||
passa|passa||||||
passages|passages||||||
passaige|passaige||||||
passarai|passarai||||||
passe|passe||||||
passees|passees||||||
passer|passer||||||
passez|passez||||||
passiblemant|passiblemant||||||
passiblement|passiblement||||||
passé|passé||||||
passéz|passéz||||||
paubres|paubres||||||
pause|pause||||||
pavailon|pavailon||||||
paveillon|paveillon||||||
paveillons|paveillons||||||
paveillonz|paveillonz||||||
paveilon|paveilon||||||
païs|païs||||||
pc|pc||||||
peage|peage||||||
peaige|peaige||||||
peche|peche||||||
pechié|pechié||||||
pechiéz|pechiéz||||||
pein|pein||||||
peine|peine||||||
peint|peint||||||
peinte|peinte||||||
peintes|peintes||||||
pel|pel||||||
pelz|pelz||||||
pendanz|pendanz||||||
pendre|pendre||||||
penduz|penduz||||||
pene|pene||||||
peneroit|peneroit||||||
pensa|pensa||||||
pensament|pensament||||||
pensant|pensant||||||
pensasse|pensasse||||||
pense|pense||||||
pensement|pensement||||||
penser|penser||||||
pensera|pensera||||||
penserai|penserai||||||
penseroit|penseroit||||||
penserons|penserons||||||
penseront|penseront||||||
pensers|pensers||||||
pensier|pensier||||||
pensis|pensis||||||
pensoie|pensoie||||||
pensoit|pensoit||||||
pensé|pensé||||||
penséz|penséz||||||
pent|pent||||||
pentor|pentor||||||
penz|penz||||||
peor|peor||||||
per|per||||||
percevance|percevance||||||
perde|perde||||||
perdez|perdez||||||
perdi|perdi||||||
perdist|perdist||||||
perdoient|perdoient||||||
perdon|perdon||||||
perdons|perdons||||||
perdra|perdra||||||
perdrai|perdrai||||||
perdre|perdre||||||
perdu|perdu||||||
perdue|perdue||||||
perdues|perdues||||||
perduz|perduz||||||
pere|pere||||||
peres|peres||||||
peril|peril||||||
perill|perill||||||
periller|periller||||||
perillos|perillos||||||
perse|perse||||||
perseont|perseont||||||
persie|persie||||||
persier|persier||||||
persone|persone||||||
pert|pert||||||
perte|perte||||||
pesa|pesa||||||
pesanz|pesanz||||||
peschier|peschier||||||
peser|peser||||||
pesoit|pesoit||||||
petis|petis||||||
petit|petit||||||
petite|petite||||||
petiz|petiz||||||
peüsent|peüsent||||||
peüsse|peüsse||||||
peüssent|peüssent||||||
peüsses|peüsses||||||
peüsséz|peüsséz||||||
peüst|peüst||||||
phillipon|phillipon||||||
phylips|phylips||||||
phylis|phylis||||||
phylius|phylius||||||
phyllips|phyllips||||||
pichiéz|pichiéz||||||
picié|picié||||||
picé|picé||||||
piece|piece||||||
piere|piere||||||
pieres|pieres||||||
piez|piez||||||
piler|piler||||||
pilers|pilers||||||
pilier|pilier||||||
pioint|pioint||||||
pire|pire||||||
pis|pis||||||
pitrals|pitrals||||||
piz|piz||||||
pié|pié||||||
piés|piés||||||
piéz|piéz||||||
pl|pl||||||
place|place||||||
plages|plages||||||
plagne|plagne||||||
plaie|plaie||||||
plaies|plaies||||||
plain|plain||||||
plaine|plaine||||||
plaing|plaing||||||
plaint|plaint||||||
plainté|plainté||||||
plaire|plaire||||||
plaise|plaise||||||
plaisemant|plaisemant||||||
plaisement|plaisement||||||
plaisir|plaisir||||||
plaisoit|plaisoit||||||
plait|plait||||||
plandra|plandra||||||
plandrai|plandrai||||||
planez|planez||||||
planiez|planiez||||||
planioit|planioit||||||
plantee|plantee||||||
planté|planté||||||
plasoit|plasoit||||||
plat|plat||||||
ple|ple||||||
pleine|pleine||||||
pleisir|pleisir||||||
plena|plena||||||
plene|plene||||||
plenier|plenier||||||
pleniers|pleniers||||||
plet|plet||||||
plevi|plevi||||||
plevis|plevis||||||
plimenz|plimenz||||||
plivie|plivie||||||
plojéz|plojéz||||||
plore|plore||||||
plorer|plorer||||||
ploroient|ploroient||||||
ploroit|ploroit||||||
plosor|plosor||||||
plosors|plosors||||||
ploïne|ploïne||||||
ploït|ploït||||||
plus|plus||||||
plusor|plusor||||||
plusors|plusors||||||
po|po||||||
poet|poet||||||
poez|poez||||||
pognant|pognant||||||
poi|poi||||||
poine|poine||||||
poing|poing||||||
point|point||||||
pois|pois||||||
poise|poise||||||
poiser|poiser||||||
poist|poist||||||
poit|poit||||||
poldre|poldre||||||
polpre|polpre||||||
pomier|pomier||||||
pon|pon||||||
pont|pont||||||
ponz|ponz||||||
pooie|pooie||||||
pooient|pooient||||||
pooir|pooir||||||
pooit|pooit||||||
pooiz|pooiz||||||
poons|poons||||||
poonz|poonz||||||
por|por||||||
pora|pora||||||
porai|porai||||||
porceinte|porceinte||||||
porchace|porchace||||||
porfent|porfent||||||
poriéz|poriéz||||||
poroie|poroie||||||
poroient|poroient||||||
poroies|poroies||||||
porois|porois||||||
poroit|poroit||||||
poroiz|poroiz||||||
porons|porons||||||
poront|poront||||||
porquant|porquant||||||
port|port||||||
porta|porta||||||
portant|portant||||||
portaus|portaus||||||
porte|porte||||||
portee|portee||||||
portent|portent||||||
porter|porter||||||
porterai|porterai||||||
porteras|porteras||||||
porterent|porterent||||||
porterois|porterois||||||
porteront|porteront||||||
portez|portez||||||
portier|portier||||||
portiers|portiers||||||
portierz|portierz||||||
portoit|portoit||||||
porté|porté||||||
portéz|portéz||||||
porunt|porunt||||||
porveü|porveü||||||
porz|porz||||||
posa|posa||||||
poser|poser||||||
pot|pot||||||
pou|pou||||||
pousez|pousez||||||
pousséz|pousséz||||||
pousé|pousé||||||
pouvrement|pouvrement||||||
pouvres|pouvres||||||
pouz|pouz||||||
poverté|poverté||||||
povre|povre||||||
povrece|povrece||||||
povrement|povrement||||||
povres|povres||||||
povresce|povresce||||||
povreté|povreté||||||
povr’|povr’||||||
poéz|poéz||||||
poësté|poësté||||||
poïne|poïne||||||
poïng|poïng||||||
poïnt|poïnt||||||
poïse|poïse||||||
poïst|poïst||||||
poïstes|poïstes||||||
poüsse|poüsse||||||
poüssen|poüssen||||||
poüst|poüst||||||
prant|prant||||||
predome|predome||||||
predra|predra||||||
predrïéz|predrïéz||||||
pregnent|pregnent||||||
preient|preient||||||
preigne|preigne||||||
preint|preint||||||
preison|preison||||||
premeire|premeire||||||
premesse|premesse||||||
premier|premier||||||
premiere|premiere||||||
premir|premir||||||
premirain|premirain||||||
premiraines|premiraines||||||
premist|premist||||||
prende|prende||||||
prendoiz|prendoiz||||||
prendra|prendra||||||
prendrai|prendrai||||||
prendre|prendre||||||
prendroit|prendroit||||||
prendront|prendront||||||
prenent|prenent||||||
prenez|prenez||||||
prenoit|prenoit||||||
prenoiz|prenoiz||||||
prensist|prensist||||||
prent|prent||||||
prenz|prenz||||||
prenéz|prenéz||||||
pres|pres||||||
present|present||||||
presenta|presenta||||||
presenter|presenter||||||
presoniers|presoniers||||||
presons|presons||||||
presse|presse||||||
prest|prest||||||
preu|preu||||||
preudom|preudom||||||
preudon|preudon||||||
preus|preus||||||
preuz|preuz||||||
preïsse|preïsse||||||
preïst|preïst||||||
preïstes|preïstes||||||
pri|pri||||||
pria|pria||||||
prie|prie||||||
prient|prient||||||
primeirement|primeirement||||||
primer|primer||||||
primerain|primerain||||||
primere|primere||||||
primeremant|primeremant||||||
primes|primes||||||
primier|primier||||||
primiere|primiere||||||
primierement|primierement||||||
primieres|primieres||||||
primiers|primiers||||||
primirain|primirain||||||
prince|prince||||||
princes|princes||||||
pris|pris||||||
prise|prise||||||
priseroies|priseroies||||||
prison|prison||||||
prisoniers|prisoniers||||||
prisons|prisons||||||
prisonz|prisonz||||||
prist|prist||||||
pristrent|pristrent||||||
priveement|priveement||||||
privé|privé||||||
privéz|privéz||||||
pro|pro||||||
prodeme|prodeme||||||
prodom|prodom||||||
prodome|prodome||||||
prodon|prodon||||||
proece|proece||||||
proia|proia||||||
proie|proie||||||
proier|proier||||||
proiere|proiere||||||
proieroie|proieroie||||||
proié|proié||||||
proiéz|proiéz||||||
promesse|promesse||||||
promet|promet||||||
promis|promis||||||
promisist|promisist||||||
promist|promist||||||
pros|pros||||||
proto|proto||||||
protovasto|protovasto||||||
prou|prou||||||
proudom|proudom||||||
proudonz|proudonz||||||
prous|prous||||||
provee|provee||||||
provéz|provéz||||||
proëce|proëce||||||
proïsse|proïsse||||||
pré|pré||||||
prés|prés||||||
préz|préz||||||
pucele|pucele||||||
puceles|puceles||||||
pucelle|pucelle||||||
pucelles|pucelles||||||
puent|puent||||||
pues|pues||||||
puet|puet||||||
puez|puez||||||
pugnant|pugnant||||||
pugneis|pugneis||||||
pugnent|pugnent||||||
puinant|puinant||||||
puing|puing||||||
puint|puint||||||
puis|puis||||||
puise|puise||||||
puisent|puisent||||||
puisse|puisse||||||
puissent|puissent||||||
puitain|puitain||||||
puite|puite||||||
pujer|pujer||||||
pujéz|pujéz||||||
pungoit|pungoit||||||
punt|punt||||||
puor|puor||||||
qant|qant||||||
qaqopedie|qaqopedie||||||
qe|qe||||||
qelque|qelque||||||
qu|qu||||||
qua|qua||||||
quacopedie|quacopedie||||||
qualoir|qualoir||||||
qualque|qualque||||||
qualt|qualt||||||
quan|quan||||||
quanbre|quanbre||||||
quanp|quanp||||||
quanque|quanque||||||
quant|quant||||||
quaoient|quaoient||||||
quaqopedie|quaqopedie||||||
quaquopedie|quaquopedie||||||
quar|quar||||||
quarantamillie|quarantamillie||||||
quarantemille|quarantemille||||||
quarré|quarré||||||
quarte|quarte||||||
quarz|quarz||||||
quascun|quascun||||||
quastel|quastel||||||
quatre|quatre||||||
quatres|quatres||||||
quatrovintetviiii|quatrovintetviiii||||||
que|que||||||
queconeu|queconeu||||||
quel|quel||||||
quele|quele||||||
queqopedie|queqopedie||||||
quer|quer||||||
querai|querai||||||
quere|quere||||||
querois|querois||||||
queroit|queroit||||||
querons|querons||||||
querra|querra||||||
querre|querre||||||
querroit|querroit||||||
quert|quert||||||
queréz|queréz||||||
quesu|quesu||||||
queu|queu||||||
queus|queus||||||
queval|queval||||||
quevalier|quevalier||||||
quevauque|quevauque||||||
quevaus|quevaus||||||
que•l|que•l||||||
que•n|que•n||||||
qui|qui||||||
quief|quief||||||
quier|quier||||||
quiere|quiere||||||
quiert|quiert||||||
quiet|quiet||||||
quil|quil||||||
quinte|quinte||||||
quist|quist||||||
quites|quites||||||
qui’|qui’||||||
qui•l|qui•l||||||
quoi|quoi||||||
quoie|quoie||||||
quoiement|quoiement||||||
quojement|quojement||||||
quonquist|quonquist||||||
quonut|quonut||||||
quops|quops||||||
quoqopedie|quoqopedie||||||
qu’|qu’||||||
q’|q’||||||
ra|ra||||||
racines|racines||||||
rage|rage||||||
raie|raie||||||
raiges|raiges||||||
raim|raim||||||
rain|rain||||||
raison|raison||||||
raisons|raisons||||||
raje|raje||||||
ralïer|ralïer||||||
ramé|ramé||||||
rasion|rasion||||||
rason|rason||||||
ratrais|ratrais||||||
raïne|raïne||||||
real|real||||||
receü|receü||||||
receüz|receüz||||||
recheüt|recheüt||||||
rechiert|rechiert||||||
rechité|rechité||||||
reconeü|reconeü||||||
reconte|reconte||||||
recovrez|recovrez||||||
recovré|recovré||||||
recreant|recreant||||||
redist|redist||||||
reençon|reençon||||||
reerrut|reerrut||||||
referent|referent||||||
refiert|refiert||||||
refu|refu||||||
refus|refus||||||
refuser|refuser||||||
regarder|regarder||||||
regart|regart||||||
regniés|regniés||||||
reiames|reiames||||||
remagne|remagne||||||
remaigne|remaigne||||||
remain|remain||||||
remaint|remaint||||||
remandra|remandra||||||
remandrai|remandrai||||||
remandroit|remandroit||||||
remandroiz|remandroiz||||||
remanez|remanez||||||
remanoir|remanoir||||||
remanoit|remanoit||||||
remansisse|remansisse||||||
remansist|remansist||||||
remenant|remenant||||||
remest|remest||||||
remet|remet||||||
remist|remist||||||
remue|remue||||||
remés|remés||||||
ren|ren||||||
renc|renc||||||
rencs|rencs||||||
rende|rende||||||
rendes|rendes||||||
rendez|rendez||||||
rendi|rendi||||||
rendistes|rendistes||||||
rendra|rendra||||||
rendrai|rendrai||||||
rendre|rendre||||||
rendroie|rendroie||||||
rendrons|rendrons||||||
rendu|rendu||||||
rendue|rendue||||||
rendues|rendues||||||
renduz|renduz||||||
renes|renes||||||
rengiés|rengiés||||||
rennes|rennes||||||
reno|reno||||||
renoméz|renoméz||||||
renovelee|renovelee||||||
rent|rent||||||
rente|rente||||||
repaire|repaire||||||
repairer|repairer||||||
repairié|repairié||||||
repairéz|repairéz||||||
repensoit|repensoit||||||
repent|repent||||||
repentir|repentir||||||
reporoit|reporoit||||||
repose|repose||||||
reposer|reposer||||||
reposé|reposé||||||
repouse|repouse||||||
repouser|repouser||||||
repousé|repousé||||||
repuet|repuet||||||
requier|requier||||||
requiert|requiert||||||
requoi|requoi||||||
requoit|requoit||||||
resavons|resavons||||||
rescos|rescos||||||
rescose|rescose||||||
reserai|reserai||||||
reseron|reseron||||||
resgardé|resgardé||||||
respit|respit||||||
respon|respon||||||
respondre|respondre||||||
respondu|respondu||||||
respondéz|respondéz||||||
respons|respons||||||
respont|respont||||||
retenir|retenir||||||
retenu|retenu||||||
retenuz|retenuz||||||
retez|retez||||||
retorne|retorne||||||
retorner|retorner||||||
retorné|retorné||||||
retornéz|retornéz||||||
retort|retort||||||
retraire|retraire||||||
retrait|retrait||||||
retraït|retraït||||||
retrovee|retrovee||||||
revenir|revenir||||||
revenue|revenue||||||
revenuz|revenuz||||||
revient|revient||||||
revint|revint||||||
riant|riant||||||
rice|rice||||||
riche|riche||||||
richece|richece||||||
richement|richement||||||
riches|riches||||||
richeté|richeté||||||
richité|richité||||||
rie|rie||||||
rien|rien||||||
riens|riens||||||
rient|rient||||||
rienz|rienz||||||
rioit|rioit||||||
rire|rire||||||
ris|ris||||||
rissus|rissus||||||
risus|risus||||||
rit|rit||||||
ritaige|ritaige||||||
rive|rive||||||
ro|ro||||||
robe|robe||||||
rober|rober||||||
robes|robes||||||
roche|roche||||||
roe|roe||||||
roi|roi||||||
roiames|roiames||||||
roiche|roiche||||||
roide|roide||||||
rois|rois||||||
roiz|roiz||||||
romadanaple|romadanaple||||||
romadanaples|romadanaples||||||
romanie|romanie||||||
romans|romans||||||
romanz|romanz||||||
roncin|roncin||||||
ronp|ronp||||||
ronpent|ronpent||||||
ronpue|ronpue||||||
ronpuz|ronpuz||||||
ront|ront||||||
rossie|rossie||||||
rot|rot||||||
rote|rote||||||
roz|roz||||||
roïde|roïde||||||
roïdes|roïdes||||||
roïne|roïne||||||
rue|rue||||||
ruiseus|ruiseus||||||
ruiste|ruiste||||||
s|s||||||
sa|sa||||||
sablon|sablon||||||
sace|sace||||||
sacent|sacent||||||
sache|sache||||||
sachiéz|sachiéz||||||
sage|sage||||||
sagement|sagement||||||
sages|sages||||||
sagies|sagies||||||
sagrament|sagrament||||||
sai|sai||||||
saie|saie||||||
saiete|saiete||||||
saietez|saietez||||||
saige|saige||||||
saigement|saigement||||||
saiges|saiges||||||
sailliz|sailliz||||||
sain|sain||||||
saine|saine||||||
sainement|sainement||||||
sainz|sainz||||||
saisie|saisie||||||
saison|saison||||||
saje|saje||||||
sajement|sajement||||||
salamon|salamon||||||
sales|sales||||||
salonbree|salonbree||||||
salu|salu||||||
salua|salua||||||
salue|salue||||||
saluez|saluez||||||
saluz|saluz||||||
salué|salué||||||
saluéz|saluéz||||||
salvé|salvé||||||
san|san||||||
sanc|sanc||||||
sanee|sanee||||||
saner|saner||||||
sanglent|sanglent||||||
sanglenz|sanglenz||||||
sans|sans||||||
santé|santé||||||
sanz|sanz||||||
sanéz|sanéz||||||
sapiencie|sapiencie||||||
sapïence|sapïence||||||
sapïencie|sapïencie||||||
saréz|saréz||||||
sas|sas||||||
sauoir|sauoir||||||
saut|saut||||||
sauvage|sauvage||||||
sauvages|sauvages||||||
sauvaige|sauvaige||||||
sauvement|sauvement||||||
savasto|savasto||||||
savez|savez||||||
savoient|savoient||||||
savoies|savoies||||||
savoir|savoir||||||
savoit|savoit||||||
savra|savra||||||
savrai|savrai||||||
savresséz|savresséz||||||
savrez|savrez||||||
savroi|savroi||||||
savroie|savroie||||||
savroient|savroient||||||
savrois|savrois||||||
savroit|savroit||||||
savéz|savéz||||||
saçant|saçant||||||
scarsitez|scarsitez||||||
sclavonie|sclavonie||||||
scole|scole||||||
sconfist|sconfist||||||
scope|scope||||||
scu|scu||||||
scudier|scudier||||||
se|se||||||
secle|secle||||||
secorez|secorez||||||
secorrai|secorrai||||||
secorre|secorre||||||
secorrez|secorrez||||||
secors|secors||||||
secort|secort||||||
secoru|secoru||||||
secorue|secorue||||||
secoruz|secoruz||||||
segnor|segnor||||||
segnorie|segnorie||||||
segonde|segonde||||||
segont|segont||||||
segu|segu||||||
segunt|segunt||||||
segur|segur||||||
segure|segure||||||
segurement|segurement||||||
segurs|segurs||||||
seigno|seigno||||||
seignor|seignor||||||
seignorie|seignorie||||||
seignors|seignors||||||
seior|seior||||||
seit|seit||||||
sejor|sejor||||||
sejorne|sejorne||||||
sejornerent|sejornerent||||||
sejorneroit|sejorneroit||||||
sejornié|sejornié||||||
selle|selle||||||
selles|selles||||||
sel’|sel’||||||
semaine|semaine||||||
semont|semont||||||
sen|sen||||||
senblance|senblance||||||
senblant|senblant||||||
senble|senble||||||
senblera|senblera||||||
senbloient|senbloient||||||
senbloit|senbloit||||||
senblé|senblé||||||
senescal|senescal||||||
senescals|senescals||||||
senescaus|senescaus||||||
seneschal|seneschal||||||
seneschals|seneschals||||||
seneschaus|seneschaus||||||
senestre|senestre||||||
senpres|senpres||||||
sent|sent||||||
sentier|sentier||||||
sentu|sentu||||||
senz|senz||||||
senéz|senéz||||||
seoir|seoir||||||
sera|sera||||||
serai|serai||||||
seras|seras||||||
seraz|seraz||||||
serer|serer||||||
serez|serez||||||
seriz|seriz||||||
serjant|serjant||||||
serjanz|serjanz||||||
serjaz|serjaz||||||
sermone|sermone||||||
seroie|seroie||||||
seroient|seroient||||||
serois|serois||||||
seroit|seroit||||||
seroiz|seroiz||||||
serons|serons||||||
seront|seront||||||
seronz|seronz||||||
serors|serors||||||
sert|sert||||||
seruns|seruns||||||
servent|servent||||||
servi|servi||||||
servie|servie||||||
servir|servir||||||
servira|servira||||||
servirai|servirai||||||
servirent|servirent||||||
serviroit|serviroit||||||
servis|servis||||||
servise|servise||||||
servist|servist||||||
serviz|serviz||||||
serviç|serviç||||||
servoit|servoit||||||
seré|seré||||||
seréz|seréz||||||
ses|ses||||||
set|set||||||
seut|seut||||||
sevent|sevent||||||
sez|sez||||||
seç|seç||||||
seéz|seéz||||||
seïst|seïst||||||
seü|seü||||||
seüe|seüe||||||
seür|seür||||||
seürement|seürement||||||
seüsse|seüsse||||||
seüssent|seüssent||||||
seüst|seüst||||||
se•l|se•l||||||
sgardoit|sgardoit||||||
si|si||||||
sie|sie||||||
siecle|siecle||||||
siege|siege||||||
siegle|siegle||||||
siet|siet||||||
signor|signor||||||
signorie|signorie||||||
sil|sil||||||
silabes|silabes||||||
silesauit|silesauit||||||
sinplemant|sinplemant||||||
sire|sire||||||
sires|sires||||||
sis|sis||||||
sist|sist||||||
si•l|si•l||||||
si•n|si•n||||||
so|so||||||
sodainement|sodainement||||||
sodoier|sodoier||||||
sodoiers|sodoiers||||||
soe|soe||||||
soef|soef||||||
sofrir|sofrir||||||
soi|soi||||||
soie|soie||||||
soien|soien||||||
soient|soient||||||
soiez|soiez||||||
soing|soing||||||
soinjoie|soinjoie||||||
soir|soir||||||
soit|soit||||||
soiéz|soiéz||||||
sol|sol||||||
solas|solas||||||
solaus|solaus||||||
solaz|solaz||||||
soleu|soleu||||||
soleus|soleus||||||
soleuz|soleuz||||||
solimains|solimains||||||
solimans|solimans||||||
solimant|solimant||||||
solimanz|solimanz||||||
soloies|soloies||||||
sols|sols||||||
solt|solt||||||
som|som||||||
somers|somers||||||
somes|somes||||||
somier|somier||||||
somiers|somiers||||||
son|son||||||
sondoier|sondoier||||||
sone|sone||||||
songe|songe||||||
songes|songes||||||
sont|sont||||||
soper|soper||||||
sophisme|sophisme||||||
sopé|sopé||||||
sor|sor||||||
sorcils|sorcils||||||
sore|sore||||||
sorie|sorie||||||
sorjugié|sorjugié||||||
sormonte|sormonte||||||
sospir|sospir||||||
sospirant|sospirant||||||
sospire|sospire||||||
sospiroit|sospiroit||||||
sospirs|sospirs||||||
sostenir|sostenir||||||
sostient|sostient||||||
sot|sot||||||
sote|sote||||||
sotilment|sotilment||||||
soudaier|soudaier||||||
soudeiers|soudeiers||||||
soudoier|soudoier||||||
soufrez|soufrez||||||
soufrir|soufrir||||||
sous|sous||||||
sout|sout||||||
sovant|sovant||||||
sovaut|sovaut||||||
sovenoit|sovenoit||||||
sovent|sovent||||||
sovenu|sovenu||||||
sovient|sovient||||||
sovre|sovre||||||
soz|soz||||||
soëf|soëf||||||
soït|soït||||||
spavant|spavant||||||
spee|spee||||||
spees|spees||||||
spie|spie||||||
spié|spié||||||
sploit|sploit||||||
spés|spés||||||
ssa|ssa||||||
sse|sse||||||
ssele|ssele||||||
sses|sses||||||
ssez|ssez||||||
stent|stent||||||
stoiles|stoiles||||||
storie|storie||||||
strange|strange||||||
strangloient|strangloient||||||
stretement|stretement||||||
sue|sue||||||
suen|suen||||||
sui|sui||||||
sumes|sumes||||||
sun|sun||||||
sunt|sunt||||||
sus|sus||||||
sveiller|sveiller||||||
sés|sés||||||
sïons|sïons||||||
s’|s’||||||
ta|ta||||||
tabels|tabels||||||
tables|tables||||||
tail|tail||||||
tailier|tailier||||||
taille|taille||||||
tailler|tailler||||||
taillier|taillier||||||
taint|taint||||||
taisa|taisa||||||
taissa|taissa||||||
tal|tal||||||
talant|talant||||||
talleor|talleor||||||
tamise|tamise||||||
tan|tan||||||
tangoit|tangoit||||||
tant|tant||||||
tante|tante||||||
tanz|tanz||||||
tapiz|tapiz||||||
tardez|tardez||||||
tarquins|tarquins||||||
tarquinz|tarquinz||||||
tart|tart||||||
te|te||||||
tecer|tecer||||||
tedra|tedra||||||
teint|teint||||||
teireroit|teireroit||||||
tel|tel||||||
tels|tels||||||
tence|tence||||||
tencer|tencer||||||
tencier|tencier||||||
tendes|tendes||||||
tendra|tendra||||||
tendrai|tendrai||||||
tendu|tendu||||||
tenez|tenez||||||
tenir|tenir||||||
tenistes|tenistes||||||
tenoient|tenoient||||||
tenoit|tenoit||||||
tenps|tenps||||||
tenra|tenra||||||
tenroie|tenroie||||||
tens|tens||||||
tentes|tentes||||||
tenu|tenu||||||
tenue|tenue||||||
tenuz|tenuz||||||
tenz|tenz||||||
tenéz|tenéz||||||
ter1re|ter1re||||||
tera|tera||||||
tercer|tercer||||||
tere|tere||||||
teres|teres||||||
terme|terme||||||
terra|terra||||||
terre|terre||||||
terres|terres||||||
tes|tes||||||
teste|teste||||||
testes|testes||||||
teu|teu||||||
teus|teus||||||
teuz|teuz||||||
tez|tez||||||
te•l|te•l||||||
ti|ti||||||
tiegne|tiegne||||||
tien|tien||||||
tienent|tienent||||||
tiens|tiens||||||
tient|tient||||||
tierce|tierce||||||
tint|tint||||||
toche|toche||||||
tochier|tochier||||||
toché|toché||||||
toi|toi||||||
toises|toises||||||
toite|toite||||||
toloit|toloit||||||
tolt|tolt||||||
tolu|tolu||||||
tolue|tolue||||||
tolues|tolues||||||
ton|ton||||||
tor|tor||||||
torment|torment||||||
torna|torna||||||
torne|torne||||||
tornee|tornee||||||
tornees|tornees||||||
tornent|tornent||||||
torner|torner||||||
tornera|tornera||||||
tornerai|tornerai||||||
tornerent|tornerent||||||
tornerois|tornerois||||||
torneroit|torneroit||||||
tornerons|tornerons||||||
tornez|tornez||||||
tornoi|tornoi||||||
tornoiemant|tornoiemant||||||
tornoiement|tornoiement||||||
tornoiemenz|tornoiemenz||||||
tornoier|tornoier||||||
tornoit|tornoit||||||
torné|torné||||||
tornéz|tornéz||||||
tors|tors||||||
tort|tort||||||
torz|torz||||||
tost|tost||||||
tot|tot||||||
tote|tote||||||
totes|totes||||||
totez|totez||||||
toudroies|toudroies||||||
tout|tout||||||
toutes|toutes||||||
touz|touz||||||
toz|toz||||||
traient|traient||||||
traihe|traihe||||||
traihir|traihir||||||
traire|traire||||||
trairoit|trairoit||||||
traist|traist||||||
trait|trait||||||
traite|traite||||||
traites|traites||||||
traiz|traiz||||||
tramete|tramete||||||
trametra|trametra||||||
trametrai|trametrai||||||
trametre|trametre||||||
trametéz|trametéz||||||
tramis|tramis||||||
tramist|tramist||||||
trasaut|trasaut||||||
trastuit|trastuit||||||
travail|travail||||||
traï|traï||||||
traïe|traïe||||||
traïes|traïes||||||
traïr|traïr||||||
traïs|traïs||||||
traïson|traïson||||||
traïst|traïst||||||
traïtor|traïtor||||||
trebuce|trebuce||||||
trebuche|trebuche||||||
trechant|trechant||||||
treis|treis||||||
trenble|trenble||||||
trenbler|trenbler||||||
trencant|trencant||||||
trenchant|trenchant||||||
trenche|trenche||||||
trenchiéz|trenchiéz||||||
trente|trente||||||
trentesis|trentesis||||||
trere|trere||||||
tres|tres||||||
tresaut|tresaut||||||
tresgitee|tresgitee||||||
tresor|tresor||||||
trespenséz|trespenséz||||||
trestot|trestot||||||
trestuit|trestuit||||||
tresue|tresue||||||
tret|tret||||||
treu|treu||||||
treze|treze||||||
treçe|treçe||||||
trief|trief||||||
trieve|trieve||||||
triues|triues||||||
trobles|trobles||||||
troblé|troblé||||||
trobléz|trobléz||||||
troi|troi||||||
troimille|troimille||||||
trois|trois||||||
troiz|troiz||||||
trop|trop||||||
trosent|trosent||||||
trosers|trosers||||||
trosiers|trosiers||||||
trosé|trosé||||||
trotiers|trotiers||||||
trouai|trouai||||||
troue|troue||||||
trova|trova||||||
trovas|trovas||||||
trovasse|trovasse||||||
trovast|trovast||||||
trovastes|trovastes||||||
trove|trove||||||
trovee|trovee||||||
trovent|trovent||||||
troveors|troveors||||||
trover|trover||||||
trovera|trovera||||||
trovereis|trovereis||||||
troverent|troverent||||||
troverois|troverois||||||
troveroiz|troveroiz||||||
troverons|troverons||||||
trovoit|trovoit||||||
trové|trové||||||
trovéz|trovéz||||||
troz|troz||||||
truevent|truevent||||||
truis|truis||||||
très|très||||||
tré|tré||||||
trés|trés||||||
tréz|tréz||||||
tu|tu||||||
tui|tui||||||
tuit|tuit||||||
tun|tun||||||
tuz|tuz||||||
tué|tué||||||
t’|t’||||||
u|u||||||
ua|ua||||||
uait|uait||||||
ueil|ueil||||||
uencu|uencu||||||
uenjance|uenjance||||||
ueroiz|ueroiz||||||
ui|ui||||||
uien|uien||||||
uienent|uienent||||||
uis|uis||||||
uiure|uiure||||||
umels|umels||||||
umilité|umilité||||||
un|un||||||
une|une||||||
unes|unes||||||
unques|unques||||||
uns|uns||||||
unt|unt||||||
unte|unte||||||
unz|unz||||||
uoloir|uoloir||||||
uos|uos||||||
uostre|uostre||||||
uostr’|uostr’||||||
usage|usage||||||
usaige|usaige||||||
usalt|usalt||||||
uxor|uxor||||||
v|v||||||
va|va||||||
vai|vai||||||
vailant|vailant||||||
vailanz|vailanz||||||
vaillanz|vaillanz||||||
vain|vain||||||
vaine|vaine||||||
vair|vair||||||
vairs|vairs||||||
vait|vait||||||
val|val||||||
valer|valer||||||
valerli|valerli||||||
valet|valet||||||
valez|valez||||||
valoir|valoir||||||
valoit|valoit||||||
valor|valor||||||
valt|valt||||||
valu|valu||||||
valéz|valéz||||||
vanter|vanter||||||
varienes|varienes||||||
vas|vas||||||
vasalage|vasalage||||||
vasallage|vasallage||||||
vassal|vassal||||||
vassaus|vassaus||||||
vaudrai|vaudrai||||||
vaudroit|vaudroit||||||
vaus|vaus||||||
vausist|vausist||||||
vaussisse|vaussisse||||||
vaut|vaut||||||
vauz|vauz||||||
vavasor|vavasor||||||
vavasors|vavasors||||||
vavesor|vavesor||||||
ve|ve||||||
veal|veal||||||
veals|veals||||||
vealt|vealt||||||
veas|veas||||||
veaut|veaut||||||
veez|veez||||||
veilain|veilain||||||
veilarz|veilarz||||||
veilece|veilece||||||
veillant|veillant||||||
veille|veille||||||
veillier|veillier||||||
veinent|veinent||||||
veing|veing||||||
veint|veint||||||
veira|veira||||||
veirez|veirez||||||
veiront|veiront||||||
veis|veis||||||
venchue|venchue||||||
venchuz|venchuz||||||
vencu|vencu||||||
vencuz|vencuz||||||
vendra|vendra||||||
vendre|vendre||||||
vendroit|vendroit||||||
vendroiz|vendroiz||||||
vendu|vendu||||||
veneisons|veneisons||||||
venent|venent||||||
venesons|venesons||||||
venez|venez||||||
vengeroit|vengeroit||||||
vengier|vengier||||||
venir|venir||||||
venist|venist||||||
venoient|venoient||||||
venoies|venoies||||||
venoit|venoit||||||
venqui|venqui||||||
venra|venra||||||
venrois|venrois||||||
venront|venront||||||
vent|vent||||||
ventre|ventre||||||
venu|venu||||||
venue|venue||||||
venues|venues||||||
venuz|venuz||||||
venéz|venéz||||||
veoient|veoient||||||
veoir|veoir||||||
veoit|veoit||||||
veot|veot||||||
ver|ver||||||
vera|vera||||||
verable|verable||||||
verai|verai||||||
veraie|veraie||||||
veraiement|veraiement||||||
verais|verais||||||
veras|veras||||||
vergogne|vergogne||||||
verité|verité||||||
veritéz|veritéz||||||
vermeil|vermeil||||||
vermeill|vermeill||||||
vermeille|vermeille||||||
vermoile|vermoile||||||
veroie|veroie||||||
veroient|veroient||||||
verois|verois||||||
veroiz|veroiz||||||
verons|verons||||||
veront|veront||||||
vers|vers||||||
vert|vert||||||
vertu|vertu||||||
vertuz|vertuz||||||
vertéz|vertéz||||||
verunt|verunt||||||
verz|verz||||||
veréz|veréz||||||
veschi|veschi||||||
vescu|vescu||||||
vespre|vespre||||||
vespree|vespree||||||
vesti|vesti||||||
vestimanz|vestimanz||||||
vestimens|vestimens||||||
vestiment|vestiment||||||
vestimenz|vestimenz||||||
vestir|vestir||||||
vestre|vestre||||||
vestrez|vestrez||||||
vestu|vestu||||||
vestuz|vestuz||||||
vet|vet||||||
veudra|veudra||||||
veult|veult||||||
veuront|veuront||||||
veus|veus||||||
veuz|veuz||||||
vez|vez||||||
veéz|veéz||||||
veïssiéz|veïssiéz||||||
veïst|veïst||||||
veïstes|veïstes||||||
veü|veü||||||
veüe|veüe||||||
veüs|veüs||||||
veüz|veüz||||||
vi|vi||||||
vie|vie||||||
viegne|viegne||||||
viell|viell||||||
vien|vien||||||
vienent|vienent||||||
vient|vient||||||
vif|vif||||||
vii|vii||||||
viii|viii||||||
vil|vil||||||
vilain|vilain||||||
vilaine|vilaine||||||
vilains|vilains||||||
vilanie|vilanie||||||
vile|vile||||||
vilein|vilein||||||
vilenie|vilenie||||||
villains|villains||||||
ville|ville||||||
vils|vils||||||
vin|vin||||||
vindra|vindra||||||
vindrent|vindrent||||||
vindroit|vindroit||||||
vint|vint||||||
vintetquatre|vintetquatre||||||
vira|vira||||||
vire|vire||||||
virent|virent||||||
vis|vis||||||
visage|visage||||||
visages|visages||||||
vision|vision||||||
visions|visions||||||
vist|vist||||||
vistuz|vistuz||||||
vit|vit||||||
vitaille|vitaille||||||
vitorie|vitorie||||||
vivant|vivant||||||
vive|vive||||||
vivre|vivre||||||
vj|vj||||||
vn|vn||||||
vnques|vnques||||||
vnt|vnt||||||
vo|vo||||||
vodra|vodra||||||
voi|voi||||||
voidier|voidier||||||
voidir|voidir||||||
voie|voie||||||
voient|voient||||||
voile|voile||||||
voille|voille||||||
voir|voir||||||
voire|voire||||||
voirement|voirement||||||
voirs|voirs||||||
vois|vois||||||
voit|voit||||||
voldrai|voldrai||||||
voldroie|voldroie||||||
voldrois|voldrois||||||
volent|volent||||||
volentier|volentier||||||
voler|voler||||||
volez|volez||||||
vollez|vollez||||||
volloie|volloie||||||
voloie|voloie||||||
voloient|voloient||||||
voloir|voloir||||||
voloit|voloit||||||
volontier|volontier||||||
volontiers|volontiers||||||
volonté|volonté||||||
volsisse|volsisse||||||
volsissent|volsissent||||||
volsist|volsist||||||
voléz|voléz||||||
von|von||||||
vont|vont||||||
vora|vora||||||
voraz|voraz||||||
voroit|voroit||||||
vos|vos||||||
vosist|vosist||||||
vossissent|vossissent||||||
vostre|vostre||||||
vostres|vostres||||||
vostr’|vostr’||||||
voudra|voudra||||||
voudroie|voudroie||||||
voudroient|voudroient||||||
voudroies|voudroies||||||
voudrois|voudrois||||||
voudroit|voudroit||||||
voudroiz|voudroiz||||||
voudron|voudron||||||
voudront|voudront||||||
voudréz|voudréz||||||
vousise|vousise||||||
vousist|vousist||||||
vousistes|vousistes||||||
voussissent|voussissent||||||
vout|vout||||||
voutes|voutes||||||
voutéz|voutéz||||||
vouz|vouz||||||
voïs|voïs||||||
voït|voït||||||
vo•l|vo•l||||||
vueil|vueil||||||
vueill|vueill||||||
vuel|vuel||||||
vuelent|vuelent||||||
vuelt|vuelt||||||
vuidier|vuidier||||||
vuil|vuil||||||
vuoil|vuoil||||||
vuol|vuol||||||
v’|v’||||||
xiii|xiii||||||
xiiii|xiiii||||||
xv|xv||||||
xx|xx||||||
yvediain|yvediain||||||
à|à||||||
ça|ça||||||
çaienz|çaienz||||||
çanbel|çanbel||||||
ò|ò||||||
ù|ù||||||
üst|üst||||||
…e|…e||||||
…ut|…ut||||||