-le|-le||||||
-li|-li||||||
a|a||||||
a|a1||||||
a|a2||||||
aasier|aasier||||||
abandona|abandona||||||
abandonance|abandonance||||||
abandonee|abandonee||||||
abandoneement|abandoneement||||||
abandonner|abandonner||||||
achater|achater||||||
achever|achever||||||
acier|acier1||||||
acoilli|acoilli||||||
acollee|acollee||||||
acommandés|acommandés||||||
aconplies|aconplies||||||
aconplir|aconplir||||||
aconplis|aconplis||||||
aconplis|aconplis1||||||
aconta|aconta||||||
acontast|acontast||||||
acontés|acontés||||||
acoula|acoula||||||
acoullerent|acoullerent||||||
acreïsiment|acreïsiment1||||||
adonc|adonc||||||
adoubés|adoubés||||||
afer|afer||||||
afer|afer1||||||
afi|afi||||||
afier|afier||||||
afubla|afubla||||||
agusiéz|agusiéz||||||
ahornee|ahornee||||||
ai|ai||||||
ai|ai1||||||
aies|aies1||||||
aigue|aigue||||||
aille|aille||||||
aillent|aillent||||||
aim|aim||||||
aime|aime||||||
aime|aime1||||||
ains|ains||||||
ains_qe|ains_qe||||||
ainsois_qe|ainsois_qe||||||
ais|ais||||||
ais|ais2||||||
ais|ais4||||||
ait|ait||||||
ajorner|ajorner||||||
ala|ala||||||
ala|ala1||||||
ala|ala2||||||
alassent|alassent2||||||
alasses|alasses||||||
alast|alast||||||
alee|alee||||||
alegre|alegre3||||||
aleigre|aleigre||||||
aler|aler||||||
aler|aler1||||||
aler|aler2||||||
alerent|alerent1||||||
aleüre|aleüre||||||
alixandre|alixandre||||||
aloient|aloient||||||
aloient|aloient3||||||
aloit|aloit2||||||
alumés|alumés||||||
alés|alés2||||||
alés|alés3||||||
alés|alés5||||||
alés|alés7||||||
aléz|aléz||||||
alïés|alïés||||||
amansast|amansast||||||
amanserés|amanserés||||||
amanz|amanz||||||
amast|amast||||||
amer|amer||||||
amie|amie||||||
amis|amis||||||
amoit|amoit||||||
amor|amor||||||
amor|amor1||||||
amor|amor2||||||
amés|amés||||||
amés|amés2||||||
anel|anel||||||
anel|anel1||||||
ans|ans||||||
ansois_q’|ansois_q’||||||
aornee|aornee||||||
aparir|aparir||||||
aparoil|aparoil||||||
aparoilla|aparoilla||||||
aparoillee|aparoillee||||||
aparoillee|aparoillee6||||||
aparoiller|aparoiller||||||
aparoilliee|aparoilliee||||||
aparoilliee|aparoilliee1||||||
aparoillier|aparoillier||||||
aparoillé|aparoillé||||||
aparoillés|aparoillés||||||
aparoillés|aparoillés4||||||
aparoillés|aparoillés6||||||
apartient|apartient||||||
apella|apella||||||
apellee|apellee||||||
apensee|apensee||||||
aperceüs|aperceüs||||||
apertement|apertement||||||
aport|aport||||||
aporta|aporta||||||
aportoit|aportoit||||||
aportés|aportés1||||||
apparoillee|apparoillee||||||
apresera|apresera||||||
aprochast|aprochast||||||
aprés|aprés||||||
aprés|aprés1||||||
aprés_se_q’|aprés_se_q’||||||
ardant|ardant||||||
ardist|ardist||||||
aree|aree||||||
arer|arer||||||
areste|areste||||||
arestee|arestee||||||
argent|argent||||||
argon|argon||||||
argus|argus||||||
argus|argus1||||||
arieres|arieres||||||
arisier|arisier||||||
ariva|ariva||||||
arivames|arivames||||||
arivassent|arivassent||||||
ariverent|ariverent||||||
ariverons|ariverons||||||
arivés|arivés3||||||
arma|arma||||||
armer|armer||||||
armes|armes||||||
armeüres|armeüres||||||
armés|armés||||||
ars|ars||||||
ars|ars1||||||
artefiéz|artefiéz||||||
as|as||||||
as|as2||||||
asaiés|asaiés||||||
asaudra|asaudra||||||
asauta|asauta||||||
asavoir|asavoir||||||
ascondiroit|ascondiroit||||||
asenblees|asenblees||||||
asenbler|asenbler||||||
asenés|asenés||||||
aseüree|aseüree||||||
asimee|asimee||||||
asis|asis||||||
asis|asis1||||||
asis|asis2||||||
asise|asise||||||
asisma|asisma||||||
asist|asist||||||
asistrent|asistrent||||||
asistrent|asistrent1||||||
asé|asé||||||
asés|asés||||||
atacha|atacha||||||
ataint|ataint||||||
atant|atant||||||
atendance|atendance||||||
atenir|atenir||||||
atorner|atorner||||||
atornerent|atornerent||||||
atornés|atornés||||||
atornés|atornés1||||||
atuté|atuté||||||
au|au||||||
auberc|auberc||||||
aues|aues||||||
auqes|auqes||||||
auques|auques||||||
aus|aus||||||
aus|aus1||||||
ausi|ausi||||||
ausi_qe|ausi_qe||||||
aut|aut1||||||
aut|aut2||||||
aute|aute||||||
autement|autement||||||
autes|autes||||||
autesse|autesse||||||
autre|autre10||||||
autre|autre4||||||
autre|autre5||||||
autrement|autrement||||||
autres|autres||||||
autres|autres1||||||
autres|autres5||||||
aval|aval||||||
avant|avant||||||
avec|avec||||||
avendra|avendra||||||
avenir|avenir||||||
aventure|aventure||||||
avenu|avenu||||||
avenues|avenues||||||
avient|avient||||||
avions|avions||||||
avironee|avironee||||||
avis|avis||||||
avoient|avoient||||||
avoient|avoient1||||||
avoir|avoir||||||
avoit|avoit||||||
avoit|avoit1||||||
avoit|avoit2||||||
avra|avra||||||
avra|avra1||||||
avrais|avrais||||||
avras|avras||||||
avras|avras1||||||
avront|avront1||||||
avrés|avrés||||||
avés|avés||||||
aïéx|aïéx||||||
bachelier|bachelier2||||||
bacheliers|bacheliers2||||||
baigna|baigna||||||
bailla|bailla||||||
baillirent|baillirent||||||
baillé|baillé1||||||
bains|bains||||||
baisa|baisa||||||
baisast|baisast||||||
baiserent|baiserent||||||
barons|barons2||||||
barons|barons3||||||
baset|baset||||||
bataille|bataille||||||
batel|batel1||||||
batus|batus||||||
beisoins|beisoins||||||
bel|bel||||||
bel|bel1||||||
bel|bel2||||||
bel|bel8||||||
belle|belle||||||
belle|belle1||||||
bellement|bellement||||||
belles|belles||||||
besoigne|besoigne||||||
biau|biau||||||
biau|biau2||||||
biaus|biaus||||||
biauté|biauté||||||
biaux|biaux||||||
bien|bien||||||
bien|bien1||||||
bien|bien3||||||
bien|bien4||||||
blanc|blanc1||||||
blanche|blanche||||||
blanches|blanches||||||
blant|blant||||||
blasmee|blasmee||||||
blasmés|blasmés||||||
bliaut|bliaut||||||
blondes|blondes||||||
boche|boche||||||
bon|bon1||||||
bone|bone||||||
bonté|bonté||||||
bordés|bordés||||||
borgiois|borgiois||||||
bouche|bouche||||||
boues|boues||||||
brachet|brachet||||||
bras|bras||||||
bras|bras1||||||
brief|brief||||||
buef|buef1||||||
buef|buef2||||||
buef|buef3||||||
bues|bues2||||||
bues|bues3||||||
c|c||||||
ca|ca||||||
car|car||||||
ce|ce||||||
ce|ce1||||||
ce|ce2||||||
ce_qe|ce_qe||||||
ce_q’|ce_q’||||||
cele|cele||||||
celeement|celeement||||||
celer|celer||||||
celle|celle||||||
celonc|celonc||||||
cels|cels||||||
cels|cels1||||||
celui|celui||||||
celui|celui1||||||
celui|celui2||||||
cercle|cercle||||||
cert|cert||||||
certaine|certaine||||||
certainement|certainement||||||
certes|certes||||||
ces|ces||||||
ces|ces1||||||
ces|ces2||||||
cest|cest||||||
ceste|ceste1||||||
cestui|cestui2||||||
cestui|cestui3||||||
chabre|chabre||||||
chaille|chaille||||||
chambre|chambre||||||
chanberlene|chanberlene||||||
chanbre|chanbre||||||
chanton|chanton||||||
chasast|chasast||||||
chascun|chascun||||||
chaser|chaser||||||
chastiement|chastiement||||||
chastierois|chastierois||||||
chausa|chausa||||||
chemise|chemise||||||
cherement|cherement||||||
cheri|cheri||||||
cherie|cherie||||||
cherir|cherir||||||
chersant|chersant||||||
cheval|cheval||||||
chevalier|chevalier1||||||
chevaliers|chevaliers2||||||
chevaliers|chevaliers3||||||
chevals|chevals||||||
chevaucha|chevaucha||||||
chevi|chevi||||||
chevis|chevis||||||
cheüe|cheüe||||||
chief|chief1||||||
chiere|chiere||||||
chiere|chiere1||||||
chierement|chierement||||||
choucha|choucha||||||
chouche|chouche||||||
chouchee|chouchee||||||
chouchee|chouchee1||||||
chouse|chouse||||||
chouses|chouses||||||
chousi|chousi||||||
chousi|chousi1||||||
ci|ci||||||
cité|cité||||||
clamés|clamés||||||
clartés|clartés||||||
cler|cler||||||
cler|cler1||||||
clos|clos||||||
close|close||||||
clost|clost||||||
coillir|coillir||||||
cojement|cojement||||||
colcos|colcos||||||
com|com||||||
comanda|comanda||||||
comande|comande||||||
comandement|comandement||||||
comander|comander||||||
comandé|comandé||||||
comant|comant||||||
come|come||||||
comenca|comenca||||||
comensa|comensa||||||
coment|coment||||||
commanda|commanda||||||
commandament|commandament||||||
commandement|commandement||||||
commenda|commenda||||||
commensa|commensa||||||
conbaterais|conbaterais||||||
conduire|conduire||||||
conduit|conduit||||||
coneü|coneü||||||
conforta|conforta||||||
conjeer|conjeer||||||
conjoir|conjoir||||||
conjoié|conjoié||||||
conjoï|conjoï||||||
conjoïs|conjoïs||||||
conjoïst|conjoïst||||||
conjé|conjé||||||
conmandement|conmandement||||||
conmandé|conmandé||||||
connoisoit|connoisoit||||||
connut|connut||||||
conpaignie|conpaignie||||||
conpaignon|conpaignon||||||
conpaignons|conpaignons||||||
conpaignons|conpaignons1||||||
conqerre|conqerre||||||
conqerrés|conqerrés||||||
conqise|conqise||||||
conqist|conqist||||||
conseil|conseil||||||
consenti|consenti||||||
consentir|consentir||||||
consentoit|consentoit||||||
consoilla|consoilla||||||
consol|consol||||||
contant|contant||||||
conte|conte||||||
conte|conte1||||||
contee|contee||||||
conter|conter||||||
contes|contes||||||
contre|contre||||||
contree|contree||||||
contrees|contrees||||||
contrere|contrere||||||
contr’|contr’||||||
conté|conté||||||
contés|contés||||||
convenable|convenable||||||
convendroit|convendroit||||||
convenist|convenist||||||
convenoit|convenoit||||||
conviengne|conviengne||||||
convient|convient||||||
coraje|coraje||||||
corirent|corirent||||||
corociés|corociés||||||
correront|correront||||||
corrocerent|corrocerent||||||
cors|cors||||||
cors|cors1||||||
cort|cort||||||
cort|cort1||||||
cortois|cortois||||||
cortoisement|cortoisement||||||
couchier|couchier||||||
couchés|couchés||||||
coul|coul||||||
coulor|coulor||||||
coulor|coulor1||||||
coulors|coulors||||||
coup|coup||||||
couse|couse||||||
coux|coux||||||
covert|covert||||||
covertor|covertor||||||
covertors|covertors||||||
creberas|creberas||||||
creinbra|creinbra||||||
creüz|creüz1||||||
croi|croi||||||
cruelment|cruelment||||||
crut|crut||||||
cuer|cuer||||||
cui|cui||||||
cuidier|cuidier||||||
cuidoit|cuidoit||||||
cuir|cuir||||||
cuire|cuire||||||
cuit|cuit||||||
cuor|cuor||||||
cuor|cuor1||||||
c’|c’||||||
d_entor|d_entor||||||
d_environ|d_environ||||||
d_eviron|d_eviron||||||
daire|daire1||||||
dame|dame||||||
damegier|damegier||||||
dames|dames||||||
damoisel|damoisel||||||
damoisele|damoisele||||||
damoiseles|damoiseles||||||
damoiselle|damoiselle||||||
damoiselles|damoiselles||||||
de|de||||||
de|de1||||||
de_bonerement|de_bonerement||||||
de_ce_qe|de_ce_qe||||||
de_ce_q’|de_ce_q’||||||
de_couste|de_couste||||||
de_dens|de_dens||||||
de_denz|de_denz||||||
de_denz|de_denz1||||||
de_la|de_la||||||
de_lés|de_lés||||||
de_l’|de_l’||||||
de_part|de_part||||||
de_pres|de_pres||||||
de_quoi|de_quoi||||||
de_se_qe|de_se_qe||||||
de_sor|de_sor||||||
de_sor_mès|de_sor_mès||||||
de_sus|de_sus||||||
de_sus|de_sus1||||||
deceües|deceües||||||
deconforter|deconforter||||||
dedenz|dedenz||||||
dedenz|dedenz1||||||
defendi|defendi||||||
defendirent|defendirent||||||
defendoit|defendoit||||||
defendre|defendre||||||
del|del||||||
delaiement|delaiement1||||||
delitables|delitables||||||
delivré|delivré||||||
dels|dels||||||
delés|delés||||||
demain|demain||||||
demanda|demanda||||||
demandé|demandé||||||
demandés|demandés||||||
demanois|demanois||||||
demie|demie||||||
demora|demora||||||
demorance|demorance||||||
demore|demore||||||
demore|demore1||||||
demorer|demorer||||||
demorerent|demorerent||||||
demoré|demoré||||||
demoré|demoré1||||||
demorés|demorés||||||
denz|denz||||||
departir|departir||||||
departoit|departoit||||||
dereaine|dereaine||||||
des|des||||||
des|des1||||||
desarmerent|desarmerent||||||
descendi|descendi||||||
descendirent|descendirent||||||
descendus|descendus||||||
descendus|descendus1||||||
descovri|descovri||||||
desdioient|desdioient||||||
desduerent|desduerent||||||
desenor|desenor1||||||
desevrer|desevrer||||||
desfioit|desfioit||||||
desir|desir||||||
desiriers|desiriers||||||
desiriers|desiriers1||||||
desiriter|desiriter||||||
desiroit|desiroit||||||
desmonterent|desmonterent||||||
desoremés|desoremés||||||
desous|desous||||||
desplaira|desplaira||||||
despulcella|despulcella||||||
destorner|destorner||||||
destrain|destrain||||||
destre|destre||||||
destroite|destroite||||||
destruicion|destruicion||||||
detrencherent|detrencherent||||||
devant|devant1||||||
devant_ce_qe|devant_ce_qe||||||
devers|devers||||||
deverses|deverses||||||
devie|devie||||||
devis|devis||||||
devise|devise||||||
deviser|deviser||||||
devoit|devoit||||||
devroit|devroit||||||
devés|devés||||||
deïst|deïst||||||
deüssiéz|deüssiéz||||||
deüst|deüst||||||
di|di||||||
di|di1||||||
diex|diex||||||
diex|diex1||||||
diex|diex2||||||
diex|diex3||||||
dirai|dirai||||||
dirais|dirais||||||
dire|dire||||||
disoient|disoient||||||
disoit|disoit||||||
dist|dist||||||
distrent|distrent||||||
dit|dit||||||
dit|dit1||||||
dit|dit2||||||
dite|dite||||||
dite|dite1||||||
dites|dites||||||
dites|dites1||||||
doi|doi||||||
doi|doi1||||||
doie|doie||||||
doit|doit||||||
domast|domast||||||
dona|dona||||||
donaia|donaia||||||
donee|donee||||||
doner|doner||||||
donna|donna||||||
donoit|donoit||||||
dont|dont||||||
doné|doné||||||
dorai|dorai||||||
dormi|dormi||||||
dormir|dormir||||||
dormisent|dormisent||||||
dormoit|dormoit||||||
doroie|doroie||||||
dort|dort||||||
dou|dou||||||
dou_qel|dou_qel||||||
doubla|doubla||||||
douce|douce||||||
doucement|doucement||||||
doulor|doulor||||||
douna|douna||||||
douner|douner||||||
dous|dous||||||
dous|dous1||||||
doutance|doutance||||||
douter|douter||||||
doutoit|doutoit||||||
doux|doux||||||
drac|drac||||||
drap|drap||||||
dras|dras||||||
droit|droit||||||
droite|droite||||||
droitement|droitement||||||
droiturier|droiturier||||||
droituriere|droituriere||||||
duc|duc||||||
duel|duel1||||||
dui|dui||||||
dui_cent|dui_cent||||||
dur|dur||||||
duree|duree||||||
duree|duree1||||||
durement|durement||||||
d’|d’||||||
elle|elle||||||
elle|elle1||||||
els|els1||||||
els|els2||||||
en|en||||||
en|en2||||||
en_avant|en_avant||||||
en_estant|en_estant||||||
en_la|en_la||||||
en_luec|en_luec||||||
en_l’|en_l’||||||
en_repost|en_repost||||||
en_si|en_si||||||
enamora|enamora||||||
enbla|enbla||||||
enbracé|enbracé||||||
enbrasa|enbrasa||||||
enchantement|enchantement||||||
encharga|encharga||||||
enclinee|enclinee||||||
enclose|enclose||||||
encontre|encontre||||||
encor|encor||||||
encore|encore||||||
endormi|endormi||||||
endroit|endroit||||||
enfante|enfante||||||
engignee|engignee||||||
engigneor|engigneor||||||
engignoit|engignoit||||||
engignés|engignés||||||
enginz|enginz||||||
engonbrier|engonbrier||||||
enluec|enluec||||||
enmena|enmena||||||
enmerra|enmerra||||||
enor|enor||||||
enorerent|enorerent||||||
enpaint|enpaint||||||
enpiree|enpiree||||||
enpris|enpris||||||
enprise|enprise||||||
enquis|enquis||||||
enquist|enquist||||||
ensausiéz|ensausiéz||||||
enseignement|enseignement||||||
enseignés|enseignés||||||
enseignéz|enseignéz||||||
enseing|enseing||||||
ensement|ensement||||||
ensenble|ensenble||||||
ensi|ensi||||||
ensi_com|ensi_com||||||
entendi|entendi||||||
entendu|entendu||||||
entendu|entendu1||||||
entenduz|entenduz||||||
ententivement|ententivement||||||
entier|entier||||||
entra|entra||||||
entre|entre||||||
entrehociront|entrehociront||||||
entremetre|entremetre||||||
entrer|entrer||||||
entrerent|entrerent||||||
entres|entres||||||
entreveiront|entreveiront||||||
entrevirent|entrevirent||||||
entrés|entrés||||||
entrés|entrés1||||||
entréz|entréz||||||
enult|enult||||||
envoier|envoier||||||
envoierai|envoierai||||||
envoisieement|envoisieement||||||
envoisiement|envoisiement||||||
errerent|errerent||||||
ert|ert||||||
es|es1||||||
esbaïrent|esbaïrent||||||
esbaïs|esbaïs||||||
eschaper|eschaper||||||
eschas|eschas||||||
eschiene|eschiene||||||
escondi|escondi||||||
escondues|escondues||||||
escouter|escouter||||||
escrinz|escrinz||||||
escrit|escrit||||||
escu|escu||||||
esforsa|esforsa||||||
esgarder|esgarder||||||
eslis|eslis||||||
esloingués|esloingués||||||
esmiraudes|esmiraudes||||||
esnelepas|esnelepas||||||
espandrais|espandrais||||||
espandue|espandue||||||
espaontés|espaontés||||||
espardus|espardus||||||
esperance|esperance||||||
esperituel|esperituel||||||
espié|espié||||||
espié|espié1||||||
espiés|espiés||||||
esploita|esploita||||||
esploiterés|esploiterés||||||
esposerai|esposerai||||||
espouse|espouse||||||
esprise|esprise||||||
esprovee|esprovee||||||
est|est||||||
est|est1||||||
est|est2||||||
est|est3||||||
est|est4||||||
establie|establie||||||
establis|establis||||||
estaint|estaint||||||
ester|ester||||||
estes|estes||||||
estes|estes1||||||
estes|estes2||||||
esto|esto||||||
estoi|estoi||||||
estoie|estoie||||||
estoient|estoient||||||
estoient|estoient1||||||
estoient|estoient2||||||
estoient|estoient3||||||
estoilles|estoilles||||||
estoire|estoire||||||
estoit|estoit||||||
estoit|estoit1||||||
estoit|estoit2||||||
estoit|estoit3||||||
estrange|estrange||||||
estrange|estrange1||||||
estre|estre||||||
estre|estre1||||||
esté|esté||||||
esté|esté1||||||
esté|esté2||||||
esté|esté3||||||
esvertua|esvertua||||||
et|et||||||
euz|euz||||||
eve|eve||||||
eü|eü||||||
eümes|eümes||||||
eüsent|eüsent||||||
eüssent|eüssent||||||
eüst|eüst||||||
eüst|eüst1||||||
face|face||||||
faille|faille||||||
faire|faire||||||
fais|fais||||||
fais|fais1||||||
fait|fait||||||
fait|fait1||||||
fait|fait2||||||
faucons|faucons||||||
faudrai|faudrai||||||
fauser|fauser||||||
faés|faés||||||
faéx|faéx||||||
fellonie|fellonie||||||
feme|feme||||||
fenestre|fenestre||||||
fer|fer1||||||
fera|fera||||||
ferai|ferai||||||
ferais|ferais||||||
fere|fere||||||
feri|feri||||||
fermement|fermement||||||
feroit|feroit||||||
feroit|feroit1||||||
feront|feront||||||
ferés|ferés||||||
fesans|fesans||||||
fesant|fesant||||||
fesoie|fesoie||||||
fesois|fesois||||||
fesoit|fesoit||||||
fesoit|fesoit1||||||
fesoit|fesoit2||||||
feste|feste||||||
festoier|festoier||||||
festoiés|festoiés||||||
fet|fet||||||
fet|fet2||||||
fet|fet3||||||
fet|fet4||||||
fete|fete||||||
fete|fete1||||||
fete|fete2||||||
feu|feu||||||
feu|feu1||||||
feïsse|feïsse||||||
feïst|feïst||||||
feïst|feïst1||||||
fi|fi||||||
ficha|ficha||||||
fiere|fiere||||||
fignoit|fignoit||||||
figure|figure||||||
fille|fille||||||
fin|fin||||||
fin|fin1||||||
firent|firent||||||
fist|fist||||||
fist|fist1||||||
fist|fist2||||||
fiz|fiz||||||
flans|flans||||||
flores|flores||||||
foi|foi||||||
fois|fois||||||
fois|fois1||||||
foison|foison||||||
fol|fol||||||
folle|folle||||||
folle|folle1||||||
follement|follement||||||
follie|follie||||||
font|font||||||
for|for||||||
force|force||||||
forfere|forfere||||||
fornir|fornir||||||
forrés|forrés||||||
fors|fors||||||
fors|fors2||||||
fors|fors3||||||
forsist|forsist||||||
fort|fort||||||
fort|fort1||||||
fort|fort2||||||
foïs|foïs||||||
frere|frere||||||
froré|froré||||||
frourés|frourés||||||
fu|fu||||||
fu|fu1||||||
fu|fu2||||||
fu|fu3||||||
fueilles|fueilles||||||
fui|fui||||||
furen|furen||||||
furent|furent||||||
furent|furent1||||||
furent|furent2||||||
fussent|fussent||||||
fust|fust1||||||
fust|fust2||||||
fust|fust3||||||
gaagnés|gaagnés||||||
garde|garde||||||
garde|garde1||||||
garde|garde2||||||
gardent|gardent1||||||
garder|garder||||||
gardés|gardés||||||
garentir|garentir||||||
garnie|garnie||||||
garnir|garnir||||||
gart|gart||||||
gaster|gaster||||||
genoillieres|genoillieres||||||
gent|gent||||||
gentement|gentement||||||
gentil|gentil||||||
genz|genz||||||
gete|gete||||||
getent|getent||||||
geter|geter||||||
geterent|geterent||||||
getoient|getoient||||||
glus|glus||||||
glut|glut||||||
gluz|gluz||||||
goutee|goutee||||||
grace|grace||||||
grament|grament||||||
grandismes|grandismes||||||
grandor|grandor||||||
grant|grant||||||
grant|grant1||||||
grant|grant4||||||
grant|grant5||||||
greignor|greignor||||||
greignor|greignor1||||||
grepirons|grepirons||||||
grese|grese||||||
gresoi|gresoi||||||
gresois|gresois2||||||
grief|grief||||||
grieve|grieve||||||
gris|gris||||||
gré|gré||||||
gueres|gueres||||||
guerre|guerre||||||
guie|guie||||||
guise|guise||||||
guises|guises||||||
ha_las|ha_las||||||
haine|haine||||||
hardiement|hardiement||||||
haste|haste||||||
haster|haster||||||
haï|haï||||||
henemis|henemis||||||
hengniment|hengniment||||||
henor|henor||||||
herbergia|herbergia||||||
hercules|hercules||||||
hercules|hercules1||||||
herculez|herculez||||||
hermine|hermine||||||
hermines|hermines||||||
herraëment|herraëment||||||
herrerent|herrerent||||||
hiaume|hiaume||||||
hiaumes|hiaumes||||||
hideus|hideus||||||
ho|ho||||||
hoblié|hoblié||||||
hocira|hocira||||||
hocire|hocire||||||
hocist|hocist||||||
hoel|hoel||||||
hoels|hoels||||||
hoetes|hoetes||||||
hoetes|hoetes1||||||
hofrant|hofrant||||||
hofrirent|hofrirent||||||
hognerais|hognerais||||||
hoir|hoir||||||
home|home||||||
homes|homes||||||
homes|homes1||||||
homes|homes2||||||
honblement|honblement||||||
honcle|honcle||||||
hondes|hondes||||||
honerés|honerés||||||
honide|honide||||||
honis|honis||||||
honor|honor||||||
honora|honora||||||
honorast|honorast||||||
honoree|honoree||||||
honoreement|honoreement||||||
honorer|honorer||||||
honorés|honorés||||||
honorés|honorés1||||||
honte|honte||||||
honteusement|honteusement||||||
hor|hor||||||
hor|hor1||||||
hore|hore||||||
horent|horent||||||
horent|horent1||||||
horient|horient||||||
horilliers|horilliers||||||
hornemens|hornemens||||||
hornement|hornement||||||
hors|hors||||||
hosast|hosast||||||
hosiaus|hosiaus||||||
hosieis|hosieis||||||
hostel|hostel||||||
hoster|hoster||||||
hot|hot||||||
hot|hot1||||||
hotouse|hotouse||||||
hotroia|hotroia||||||
houtraje|houtraje||||||
hovererais|hovererais||||||
hovree|hovree||||||
hovree|hovree1||||||
hovrer|hovrer||||||
hovrir|hovrir||||||
hovrés|hovrés||||||
hovrés|hovrés2||||||
hovréz|hovréz||||||
hoï|hoï||||||
hoï|hoï1||||||
hoïnt|hoïnt||||||
hoïrent|hoïrent||||||
hoïsi|hoïsi||||||
hoïsir|hoïsir||||||
hui|hui||||||
huimés|huimés||||||
i|i||||||
i|i1||||||
ideus|ideus||||||
il|il||||||
il|il1||||||
il|il2||||||
imaje|imaje||||||
inde|inde||||||
inde|inde1||||||
irais|irais||||||
ire|ire||||||
iroie|iroie||||||
iront|iront||||||
iscrit|iscrit||||||
isi|isi||||||
isi_come|isi_come||||||
isle|isle||||||
istra|istra||||||
ja|ja||||||
jaans|jaans||||||
jaconice|jaconice||||||
jamés|jamés||||||
jason|jason||||||
jason|jason1||||||
je|je||||||
jeter|jeter||||||
jeu|jeu||||||
joiant|joiant||||||
joiant|joiant1||||||
joie|joie||||||
joieus|joieus||||||
joir|joir||||||
jor|jor||||||
jor|jor1||||||
jornés|jornés1||||||
jors|jors||||||
jour|jour||||||
jupiter|jupiter||||||
jur|jur||||||
jurerai|jurerai||||||
jurerés|jurerés||||||
jusq_à|jusq_à||||||
jusqe|jusqe||||||
jusqe_en|jusqe_en||||||
jusque_au|jusque_au||||||
l_en|l_en||||||
la|la||||||
la|la1||||||
laborés|laborés||||||
laborés|laborés1||||||
laisse|laisse||||||
laisserais|laisserais||||||
lait|lait||||||
lance|lance||||||
laomedon|laomedon||||||
laomedon|laomedon1||||||
large|large||||||
las|las||||||
lava|lava||||||
lavés|lavés||||||
laësse|laësse||||||
le|le||||||
le|le1||||||
le|le4||||||
le|le5||||||
le|le6||||||
le_qel|le_qel||||||
le_qels|le_qels||||||
le_qels|le_qels1||||||
legierement|legierement||||||
legieres|legieres||||||
lenciaus|lenciaus||||||
lermes|lermes||||||
les|les||||||
les|les1||||||
les|les4||||||
les_qels|les_qels||||||
letres|letres||||||
leu|leu||||||
leugier|leugier||||||
leva|leva||||||
levee|levee||||||
levees|levees||||||
lever|lever||||||
levriers|levriers||||||
li|li||||||
li|li2||||||
li|li3||||||
li|li4||||||
lierai|lierai||||||
lieva|lieva||||||
lieve|lieve||||||
lieverent|lieverent||||||
liez|liez||||||
lignaje|lignaje||||||
limon|limon||||||
lis|lis||||||
lison|lison||||||
list|list||||||
lit|lit||||||
lit|lit1||||||
lli|lli||||||
loi|loi||||||
loial|loial||||||
loiaument|loiaument||||||
loiauté|loiauté||||||
loisir|loisir||||||
longuement|longuement||||||
lor|lor1||||||
lor|lor2||||||
lor|lor3||||||
lor|lor4||||||
lor|lor5||||||
lor|lor6||||||
lors|lors||||||
lors|lors1||||||
lou|lou||||||
loulté|loulté||||||
lu|lu||||||
lui|lui||||||
luisant|luisant||||||
luminaire|luminaire||||||
lune|lune||||||
là_où|là_où||||||
lïa|lïa||||||
l’|l’||||||
l’|l’1||||||
l’|l’4||||||
l’|l’5||||||
l’|l’6||||||
ma|ma||||||
maestresse|maestresse||||||
mailles|mailles||||||
mailloit|mailloit||||||
maillés|maillés||||||
main|main||||||
mainee|mainee||||||
mainere|mainere||||||
mainiere|mainiere||||||
mains|mains||||||
mains|mains1||||||
maint|maint||||||
maint|maint1||||||
maintenant|maintenant||||||
maintes|maintes||||||
maintes|maintes1||||||
maintes|maintes3||||||
mais|mais||||||
maison|maison||||||
maistre|maistre||||||
mal|mal||||||
male|male||||||
malelance|malelance||||||
manda|manda||||||
mande|mande||||||
mandement|mandement||||||
mander|mander||||||
mandrai|mandrai||||||
mangerent|mangerent||||||
mangier|mangier||||||
maniere|maniere||||||
manjuerent|manjuerent||||||
mantel|mantel||||||
mantel|mantel1||||||
marine|marine||||||
mars|mars||||||
matire|matire||||||
mau|mau||||||
mau|mau1||||||
mauz|mauz||||||
me|me||||||
medea|medea||||||
meillor|meillor||||||
meillor|meillor1||||||
mena|mena||||||
menast|menast||||||
mener|mener||||||
menti|menti||||||
mentir|mentir||||||
menuement|menuement||||||
mer|mer||||||
merchant|merchant||||||
merci|merci||||||
merci|merci1||||||
mersia|mersia||||||
merveilles|merveilles||||||
mervoille|mervoille||||||
mervoille|mervoille1||||||
mervoille|mervoille2||||||
mervoilles|mervoilles||||||
mervoilles|mervoilles1||||||
mervoilleus|mervoilleus||||||
mervoilleus|mervoilleus1||||||
mervoilleus|mervoilleus2||||||
mervoilleuse|mervoilleuse||||||
mervoilleusement|mervoilleusement||||||
mervoilleuses|mervoilleuses||||||
mes|mes||||||
mes|mes2||||||
mesaje|mesaje||||||
mesaje|mesaje1||||||
mesaverroit|mesaverroit||||||
mesavint|mesavint||||||
meslé|meslé||||||
mestier|mestier||||||
mestier|mestier1||||||
mesure|mesure||||||
met|met||||||
mete|mete||||||
metes|metes||||||
metre|metre||||||
meïsmes|meïsmes1||||||
meïsmes|meïsmes3||||||
meïsmes|meïsmes4||||||
mi|mi||||||
miaudre|miaudre||||||
mie|mie||||||
miels|miels||||||
mis|mis||||||
mis|mis1||||||
mise|mise||||||
mises|mises||||||
mist|mist||||||
mist|mist1||||||
mistrent|mistrent||||||
moi|moi||||||
moi|moi1||||||
mois|mois||||||
mon|mon||||||
mon|mon1||||||
monde|monde||||||
monde|monde1||||||
monta|monta||||||
monte|monte||||||
monton|monton||||||
monton|monton1||||||
montés|montés||||||
morais|morais||||||
morir|morir||||||
morne|morne||||||
mors|mors||||||
mort|mort||||||
mort|mort1||||||
mort|mort2||||||
mortels|mortels||||||
mos|mos||||||
moustra|moustra||||||
moustrés|moustrés||||||
mult|mult||||||
multipliant|multipliant||||||
multiplioit|multiplioit||||||
murs|murs||||||
mès|mès||||||
m’|m’||||||
nagerent|nagerent||||||
nagier|nagier||||||
naistre|naistre||||||
najé|najé||||||
nasel|nasel||||||
nasqi|nasqi||||||
ne|ne||||||
ne|ne1||||||
nef|nef||||||
neis|neis||||||
nen|nen||||||
nes|nes||||||
nevo|nevo||||||
nevo|nevo1||||||
ni|ni||||||
nies|nies||||||
nigromansie|nigromansie||||||
nil|nil||||||
noiant|noiant||||||
noiant|noiant1||||||
noier|noier||||||
noire|noire||||||
noise|noise||||||
nom|nom||||||
nom|nom1||||||
nomer|nomer||||||
non|non||||||
non|non1||||||
non|non2||||||
nons|nons||||||
nos|nos||||||
nos|nos1||||||
nostre|nostre||||||
nostre|nostre1||||||
novel|novel||||||
novelle|novelle||||||
nuire|nuire||||||
nuit|nuit||||||
nul|nul||||||
nul|nul1||||||
nulle|nulle||||||
nulle|nulle2||||||
nullui|nullui||||||
nuls|nuls||||||
nuls|nuls1||||||
nuls|nuls3||||||
nés|nés1||||||
n’|n’||||||
o|o||||||
obli|obli||||||
obliance|obliance||||||
oblier|oblier||||||
ocirais|ocirais||||||
ocis|ocis||||||
ocistrent|ocistrent||||||
oetes|oetes||||||
oetes|oetes1||||||
ofrirent|ofrirent||||||
ofroit|ofroit||||||
olifant|olifant||||||
oncle|oncle||||||
ongniment|ongniment||||||
ongniment|ongniment1||||||
onqes|onqes||||||
onques_mès|onques_mès||||||
ont|ont||||||
ont|ont1||||||
ont|ont2||||||
or|or||||||
or|or1||||||
ore|ore||||||
ore|ore1||||||
orent|orent||||||
orent|orent1||||||
orois|orois||||||
ot|ot||||||
ot|ot1||||||
otroié|otroié||||||
ou|ou||||||
our|our||||||
ovre|ovre||||||
ovri|ovri||||||
oïnt|oïnt||||||
oïsi|oïsi||||||
où|où||||||
paile|paile||||||
pairassent|pairassent||||||
pais|pais||||||
palafroins|palafroins||||||
palais|palais||||||
paor|paor||||||
par|par||||||
parenz|parenz||||||
parfon|parfon||||||
parla|parla||||||
parlant|parlant||||||
parlant|parlant1||||||
parler|parler||||||
parler|parler1||||||
parloient|parloient||||||
parloit|parloit||||||
parlé|parlé||||||
paroilles|paroilles||||||
paroulle|paroulle||||||
part|part||||||
parte|parte||||||
parti|parti||||||
partie|partie||||||
partir|partir||||||
partirent|partirent||||||
partissent|partissent||||||
partois|partois||||||
partuis|partuis||||||
pas|pas||||||
pasast|pasast||||||
pascor|pascor||||||
pasiés|pasiés||||||
passa|passa||||||
passee|passee||||||
passer|passer||||||
pavement|pavement||||||
païs|païs||||||
pelleus|pelleus||||||
pelleus|pelleus1||||||
pellisse|pellisse||||||
pendi|pendi||||||
penolope|penolope||||||
pensa|pensa||||||
pensant|pensant||||||
penser|penser||||||
pensive|pensive||||||
pensiéz|pensiéz||||||
pensoit|pensoit||||||
perdre|perdre||||||
pere|pere||||||
pere|pere1||||||
peser|peser||||||
pesidia|pesidia||||||
petit|petit||||||
peü|peü||||||
peüsse|peüsse||||||
peüst|peüst||||||
piece|piece||||||
piere|piere||||||
piere|piere1||||||
pis|pis||||||
pié|pié||||||
place|place||||||
place|place1||||||
plaerie|plaerie||||||
plaines|plaines||||||
plaisir|plaisir||||||
plait|plait||||||
plantive|plantive||||||
pleniers|pleniers||||||
plesoit|plesoit||||||
pleü|pleü||||||
ploine|ploine||||||
ploines|ploines||||||
plu|plu||||||
plus|plus||||||
plus|plus1||||||
plus|plus2||||||
plus_et_plus|plus_et_plus||||||
poi|poi||||||
poi_de|poi_de||||||
poi_d’|poi_d’||||||
poine|poine||||||
poins|poins||||||
poira|poira||||||
poirai|poirai||||||
poiras|poiras||||||
poirés|poirés||||||
poit|poit||||||
pooir|pooir||||||
pooit|pooit||||||
pooit|pooit1||||||
por|por||||||
por_ce|por_ce||||||
por_ce_qe|por_ce_qe||||||
por_ce_que|por_ce_que||||||
por_ce_q’|por_ce_q’||||||
por_qoi|por_qoi||||||
por_quoi|por_quoi||||||
porai|porai||||||
porais|porais||||||
porent|porent||||||
poriez|poriez||||||
poroit|poroit||||||
porpensa|porpensa||||||
porpre|porpre||||||
porroient|porroient1||||||
porroit|porroit||||||
port|port||||||
porte|porte||||||
porter|porter||||||
porterais|porterais||||||
portrai|portrai||||||
porveance|porveance||||||
porveanse|porveanse||||||
porveant|porveant||||||
porveoit|porveoit||||||
poumel|poumel||||||
poés|poés||||||
poësté|poësté||||||
poïr|poïr||||||
premierement|premierement||||||
prendrais|prendrais||||||
prendre|prendre||||||
prer|prer||||||
prerés|prerés||||||
presiouses|presiouses||||||
prest|prest||||||
preu|preu||||||
preudomes|preudomes||||||
preus|preus||||||
preuz|preuz||||||
preïsse|preïsse||||||
preïst|preïst||||||
pri|pri||||||
prime|prime||||||
primevoille|primevoille||||||
primierement|primierement||||||
prioit|prioit||||||
pris|pris||||||
pris|pris1||||||
pris|pris2||||||
prise|prise||||||
priseroit|priseroit||||||
prison|prison||||||
prist|prist||||||
proier|proier||||||
promesion|promesion||||||
prometre|prometre||||||
prometés|prometés||||||
prover|prover||||||
proësse|proësse||||||
proësses|proësses||||||
près|près||||||
près|près1||||||
pueple|pueple||||||
pueple|pueple1||||||
pueplee|pueplee||||||
puet|puet||||||
pui|pui||||||
puis|puis||||||
puis_aprés|puis_aprés||||||
puis_qe|puis_qe||||||
puis_q’|puis_q’||||||
puisse|puisse||||||
puisse|puisse1||||||
qanqe|qanqe||||||
qant|qant||||||
qatre|qatre||||||
qe|qe||||||
qe|qe1||||||
qe|qe2||||||
qe|qe3||||||
qel|qel||||||
qel|qel1||||||
qerre|qerre||||||
qeïsse|qeïsse||||||
qi|qi||||||
qi|qi1||||||
qi|qi2||||||
qi|qi3||||||
qi|qi4||||||
qoi|qoi||||||
quant|quant||||||
que|que||||||
quell|quell||||||
quere|quere||||||
querre|querre||||||
qui|qui||||||
quitement|quitement||||||
quoi|quoi||||||
qu’|qu’||||||
qu’|qu’1||||||
q’|q’||||||
q’|q’1||||||
raconte|raconte||||||
ramenteüe|ramenteüe||||||
ramentouvoir|ramentouvoir||||||
ramentovoir|ramentovoir||||||
ramoinent|ramoinent||||||
randon|randon||||||
randue|randue||||||
recevi|recevi||||||
recevoir|recevoir||||||
receüs|receüs||||||
recoilli|recoilli||||||
recoillirent|recoillirent||||||
recoillis|recoillis||||||
recoillis|recoillis1||||||
recreant|recreant||||||
recut|recut||||||
redoutés|redoutés||||||
refrener|refrener||||||
refreschir|refreschir||||||
regardant|regardant||||||
regarde|regarde||||||
regarder|regarder||||||
regarderent|regarderent||||||
regardeüre|regardeüre||||||
regardoit|regardoit||||||
regions|regions||||||
reigne|reigne||||||
reignes|reignes||||||
remandra|remandra||||||
remandrés|remandrés||||||
remest|remest||||||
remestrent|remestrent||||||
rendi|rendi||||||
rendre|rendre||||||
renomee|renomee||||||
repaire|repaire||||||
repairiés|repairiés||||||
repareroit|repareroit||||||
repentir|repentir||||||
repentira|repentira||||||
replenie|replenie||||||
repos|repos||||||
reprise|reprise||||||
reqeroit|reqeroit||||||
respondi|respondi||||||
respondiren|respondiren||||||
respondus|respondus||||||
retenir|retenir||||||
retentisoit|retentisoit||||||
retorner|retorner||||||
retorneroie|retorneroie||||||
retornés|retornés||||||
retornés|retornés1||||||
revenus|revenus||||||
revestue|revestue||||||
revestus|revestus||||||
riche|riche||||||
riche|riche2||||||
riche|riche3||||||
richement|richement||||||
riches|riches||||||
riches|riches1||||||
riches|riches2||||||
rienz|rienz||||||
rienz|rienz1||||||
rienz|rienz2||||||
rivaje|rivaje||||||
roe|roe||||||
roes|roes||||||
roi|roi||||||
roi|roi1||||||
rois|rois||||||
rubin|rubin||||||
sa|sa||||||
sa|sa2||||||
saches|saches||||||
sachés|sachés||||||
sacrefier|sacrefier||||||
sacrefiéz|sacrefiéz||||||
sai|sai||||||
sailloit|sailloit||||||
sairement|sairement||||||
saison|saison||||||
saje|saje||||||
saje|saje1||||||
saje|saje2||||||
saje|saje3||||||
sajement|sajement||||||
sala|sala||||||
sale|sale||||||
salee|salee||||||
salu|salu||||||
salua|salua||||||
san|san||||||
sanc|sanc||||||
sans|sans||||||
sanz|sanz||||||
sauveté|sauveté||||||
savoir|savoir||||||
savoir|savoir1||||||
savoit|savoit||||||
savra|savra||||||
savroie|savroie||||||
savront|savront||||||
savés|savés||||||
schiene|schiene||||||
se|se||||||
se|se1||||||
se|se2||||||
se|se3||||||
se|se4||||||
se|se5||||||
seant|seant||||||
sebelline|sebelline||||||
seignor|seignor||||||
seignor|seignor1||||||
seignorie|seignorie||||||
seignors|seignors||||||
seint|seint||||||
sejorner|sejorner||||||
selonc|selonc||||||
sema|sema||||||
semaine|semaine||||||
semble|semble||||||
semeras|semeras||||||
senblance|senblance||||||
senblant|senblant||||||
senble|senble||||||
senbleroie|senbleroie||||||
senbloient|senbloient||||||
senbloit|senbloit||||||
senti|senti||||||
senti|senti1||||||
senz|senz1||||||
sera|sera||||||
sera|sera1||||||
sera|sera2||||||
serai|serai||||||
serai|serai1||||||
seroie|seroie||||||
seroit|seroit||||||
seroit|seroit1||||||
serpent|serpent||||||
serpent|serpent1||||||
serrees|serrees||||||
servi|servi||||||
servir|servir||||||
servis|servis||||||
serés|serés||||||
serés|serés1||||||
ses|ses||||||
ses|ses1||||||
ses|ses2||||||
ses|ses3||||||
set|set||||||
seulement|seulement||||||
seüe|seüe||||||
seürement|seürement||||||
seürtance|seürtance||||||
seürté|seürté||||||
seüst|seüst||||||
si|si||||||
si|si1||||||
si|si2||||||
si_com|si_com||||||
si_come|si_come||||||
sien|sien||||||
sien|sien1||||||
siens|siens||||||
sierges|sierges||||||
siglerent|siglerent||||||
simple|simple||||||
sire|sire||||||
sivre|sivre||||||
soef|soef||||||
soef|soef1||||||
soef|soef2||||||
soef|soef3||||||
soi|soi||||||
soie|soie||||||
soie|soie1||||||
soient|soient||||||
soient|soient1||||||
soies|soies||||||
soir|soir||||||
soit|soit||||||
soit|soit1||||||
soit|soit2||||||
soiés|soiés||||||
sojorner|sojorner||||||
soleil|soleil||||||
soleva|soleva||||||
somet|somet||||||
son|son||||||
son|son1||||||
sont|sont||||||
sont|sont1||||||
sont|sont2||||||
sont|sont3||||||
sor|sor||||||
sor_la|sor_la||||||
sor_le|sor_le||||||
sormonter|sormonter||||||
sot|sot||||||
soufre|soufre||||||
soufri|soufri||||||
soufrir|soufrir||||||
soulacerent|soulacerent||||||
soulaz|soulaz||||||
soulement|soulement||||||
soumes|soumes||||||
soumes|soumes1||||||
soupé|soupé||||||
souspira|souspira||||||
soutiliment|soutiliment||||||
soutilité|soutilité||||||
soutilment|soutilment||||||
sovent|sovent||||||
soverain|soverain||||||
sovoit|sovoit||||||
sovre|sovre||||||
spee|spee||||||
strange|strange||||||
sui|sui||||||
sui|sui1||||||
sui|sui2||||||
sui|sui3||||||
sula|sula||||||
sunt|sunt||||||
sus|sus||||||
s’|s’||||||
s’|s’1||||||
s’|s’2||||||
s’|s’3||||||
ta|ta||||||
tables|tables||||||
taillés|taillés||||||
talent|talent||||||
tan|tan||||||
tant|tant||||||
tant_com|tant_com||||||
tant_de|tant_de||||||
tant_qe|tant_qe||||||
tant_q’|tant_q’||||||
tant_seulement|tant_seulement||||||
tantost|tantost||||||
tantost_q’|tantost_q’||||||
targier|targier||||||
tart|tart||||||
tart|tart1||||||
te|te||||||
tel|tel1||||||
tel|tel2||||||
tel|tel3||||||
tel|tel4||||||
tel|tel5||||||
tel|tel6||||||
tel_com|tel_com||||||
tele|tele||||||
tels|tels||||||
tels|tels1||||||
tenant|tenant||||||
tendre|tendre||||||
tenir|tenir||||||
tenoient|tenoient||||||
tenoit|tenoit||||||
tenplerés|tenplerés||||||
tens|tens||||||
tens|tens1||||||
tenser|tenser||||||
tenz|tenz||||||
tenz|tenz1||||||
terrai|terrai||||||
terre|terre||||||
terres|terres||||||
terriene|terriene||||||
terrés|terrés||||||
tes|tes||||||
tesmoigne|tesmoigne||||||
teste|teste||||||
teu|teu1||||||
teu|teu3||||||
tiegne|tiegne||||||
tierce|tierce||||||
tint|tint||||||
tochast|tochast||||||
toi|toi||||||
toison|toison||||||
ton|ton||||||
tor|tor||||||
torna|torna||||||
torna|torna1||||||
tors|tors||||||
tos|tos||||||
tos|tos1||||||
tos|tos2||||||
tos|tos3||||||
tos|tos4||||||
tos|tos5||||||
tos|tos6||||||
tost|tost||||||
tostement|tostement||||||
tot|tot||||||
tot|tot1||||||
tot|tot2||||||
tot|tot3||||||
tot|tot4||||||
tot|tot5||||||
tot_ce|tot_ce||||||
tot_ce_qe|tot_ce_qe||||||
tot_ce_que|tot_ce_que||||||
tot_maintenant_qe|tot_maintenant_qe||||||
tot_maintenant_q’|tot_maintenant_q’||||||
tote|tote||||||
touche|touche||||||
touchier|touchier||||||
tous|tous||||||
touson|touson||||||
tout|tout||||||
toute|toute||||||
toute_fois|toute_fois||||||
toutes|toutes||||||
toutes_fois|toutes_fois||||||
traierais|traierais||||||
trait|trait||||||
travail|travail||||||
travaillé|travaillé||||||
travaillés|travaillés||||||
travaillés|travaillés1||||||
traïst|traïst||||||
tregrant|tregrant||||||
trencha|trencha||||||
trenchant|trenchant||||||
trepensés|trepensés||||||
treplaisant|treplaisant||||||
treplaisanz|treplaisanz||||||
trere|trere||||||
tresaute|tresaute||||||
treses|treses||||||
tresor|tresor||||||
tristes|tristes||||||
troie|troie||||||
trois|trois||||||
troiz|troiz||||||
trova|trova||||||
trover|trover||||||
troverais|troverais||||||
troverent|troverent||||||
trovés|trovés||||||
truis|truis||||||
très|très||||||
très_fors|très_fors||||||
tu|tu||||||
t’|t’||||||
u|u||||||
uis|uis||||||
umelia|umelia||||||
un|un||||||
un|un1||||||
une|une||||||
universe|universe||||||
us|us||||||
vaillance|vaillance||||||
vaillans|vaillans||||||
vaillant|vaillant||||||
vaincrés|vaincrés||||||
vainqi|vainqi||||||
vaire|vaire||||||
vais|vais||||||
vallor|vallor||||||
valor|valor||||||
valu|valu||||||
vasal|vasal||||||
vaudra|vaudra||||||
vea|vea||||||
veant|veant||||||
veillent|veillent||||||
veirais|veirais||||||
velloient|velloient||||||
velt|velt||||||
vencue|vencue||||||
vendirent|vendirent||||||
vendissent|vendissent||||||
vendra|vendra||||||
venim|venim||||||
venin|venin||||||
venir|venir||||||
venist|venist||||||
venoit|venoit||||||
vent|vent||||||
vente|vente||||||
ventre|ventre||||||
venue|venue||||||
venue|venue1||||||
venus|venus||||||
venus|venus1||||||
venuz|venuz||||||
veoir|veoir||||||
ver|ver||||||
veraie|veraie||||||
veraiement|veraiement||||||
verais|verais||||||
verais|verais1||||||
verdoiant|verdoiant||||||
vergogneuse|vergogneuse||||||
verité|verité||||||
verra|verra||||||
verrais|verrais||||||
verrés|verrés||||||
vers|vers||||||
versiers|versiers||||||
vertu|vertu||||||
vertus|vertus||||||
vestement|vestement||||||
vesti|vesti||||||
vesti|vesti1||||||
vestir|vestir||||||
vestus|vestus||||||
veïst|veïst||||||
veü|veü||||||
veü|veü1||||||
victoire|victoire||||||
vie|vie||||||
viegne|viegne||||||
vignent|vignent||||||
vigoreusement|vigoreusement||||||
viic|viic||||||
viii|viii||||||
vindren|vindren||||||
vindrent|vindrent||||||
vint|vint||||||
vint|vint1||||||
virent|virent||||||
virent|virent1||||||
vis|vis||||||
vistement|vistement||||||
vit|vit||||||
vit|vit1||||||
vivant|vivant||||||
vivant|vivant1||||||
vivoit|vivoit||||||
voi|voi||||||
voiage|voiage||||||
voie|voie||||||
voil|voil||||||
voiles|voiles||||||
voilles|voilles||||||
voir|voir||||||
vois|vois||||||
voloit|voloit||||||
voloit|voloit1||||||
volontier|volontier||||||
volontiers|volontiers||||||
volontos|volontos||||||
volonté|volonté||||||
volontés|volontés||||||
volés|volés||||||
vont|vont||||||
vos|vos||||||
vos|vos1||||||
vos|vos2||||||
vostre|vostre||||||
vostre|vostre1||||||
vostre|vostre2||||||
vostre|vostre4||||||
vostre|vostre5||||||
voudra|voudra||||||
voudrai|voudrai||||||
voudroie|voudroie||||||
voudroie|voudroie1||||||
vuelent|vuelent||||||
vuelt|vuelt||||||
vuoil|vuoil||||||
vuoil|vuoil1||||||
vuois|vuois||||||
·l|·l||||||
·l|·l1||||||
à|à||||||
à_ce_qe|à_ce_qe||||||
à_ce_q’|à_ce_q’||||||
à_celee|à_celee||||||
à_cert|à_cert||||||
à_la|à_la||||||
à_le|à_le||||||
à_l’|à_l’||||||
à_mervoille|à_mervoille||||||
à_selee|à_selee||||||
à_tot|à_tot||||||
