coment|coment
li|li
roi|roi
priant|priant
jousta|jousta
un|un
parlament|parlament
dedenz|dedenz
la|la
cité|cité
quant|quant
li|li
roi|roi
priant|priant
vit|vit
sa|sa
cité|cité
ensi|ensi
atornee|atornee
et|et
fete|fete2
par|par
si|si
mervoilleuse|mervoilleuse
maestrie|maestrie
,|,
il|il
en|en2
fu|fu
aleigre|aleigre
sor|sor
tos|tos1
autres|autres5
.|.
adonc|adonc
li|li2
senbla|senbla
estre|estre
eslevés|eslevés
et|et
creüs|creüs1
en|en
autesse|autesse
;|;
si|si
ne|ne
poit|poit
hoblié|hoblié1
la|la
grant|grant4
honte|honte
et|et
le|le
lait|lait1
damaje|damaje1
qe|qe1
les|les
gresois|gresois2
li|li2
avoient|avoient1
fet|fet4
de|de
son|son1
pere|pere1
et|et
de|de
sa|sa
mere|mere
,|,
et|et
de|de
son|son1
lignaje|lignaje
et|et
de|de
sa|sa
cité|cité
.|.
si|si
ajousta|ajousta
adonc|adonc
un|un
grant|grant1
parlement|parlement
,|,
là_où|là_où
il|il
fist|fist1
venir|venir
tot|tot10
le|le
miels|miels1
de|de
sa|sa
gent|gent1
.|.
tos|tos7
ses|ses
fils|fils
i|i
furent|furent
fors|fors
hector|hector
seulement|seulement
,|,
q’|q’
il|il
avoit|avoit2
tramis|tramis
en|en
le|le2
partie|partie
de|de
palone|palone
por|por
lor|lor2
grant|grant4
besoigne|besoigne
achever|achever
.|.
et|et
quant|quant
les|les
sajes|sajes2
homes|homes
furent|furent1
au|au
parlement|parlement
asenblés|asenblés
,|,
li|li
roi|roi
consoilla|consoilla
ho|ho
els|els1
ensi_com|ensi_com
il|il
dut|dut
,|,
en_tel_mainiere_com|en_tel_mainiere_com
je|je
vos|vos
dirai|dirai
.|.
coment|coment
li|li
roi|roi
parla|parla
entre|entre
ses|ses1
barons|barons3
"|"
biau|biau2
seignors|seignors
,|,
fist|fist
li|li
roi|roi
,|,
entendés|entendés
à|à
moi|moi
,|,
qi|qi
vos|vos1
,|,
qi|qi
fois|fois1
et|et
loiauté|loiauté
me|me
portés|portés
,|,
vos|vos1
savés|savés
bien|bien4
coment|coment
les|les
gresois|gresois2
vindrent|vindrent
en|en
cestui|cestui3
païs|païs
et|et
la|la
grant|grant4
desconfiture|desconfiture
q’|q’
il|il1
firent|firent
de|de
nostre|nostre
gent|gent1
et|et
coment|coment
il|il1
hocistrent|hocistrent
mon|mon1
pere|pere1
et|et
ma|ma
mere|mere
et|et
mes|mes1
serors|serors
.|.
et|et
puis|puis
enmenerent|enmenerent
ma|ma
suor|suor
esionan|esionan
en|en
servaje|servaje
,|,
si|si
ne|ne
l’|l’4
a|a2
talemon|talemon
volue|volue
prendre|prendre
à|à
feme|feme
.|.
aprés|aprés1
savés|savés
coment|coment
il|il1
destruissent|destruissent
nostre|nostre
cité|cité
et|et
degasterent|degasterent
.|.
por|por
toutes|toutes
ses|ses3
chouses|chouses
vos|vos
fais|fais
à|à
savoir|savoir1
qe|qe3
mon|mon
cuer|cuer1
est|est
en|en
doulor|doulor
et|et
en|en
tristesse|tristesse
,|,
et|et
ensi|ensi
demora|demora
tot|tot1
les|les
jors|jors
de|de
ma|ma
vie|vie
se|se2
vengiance|vengiance
nen|nen
est|est2
prise|prise
.|.
et|et
por|por
se|se4
,|,
biaus|biaus4
seignors|seignors
,|,
je|je
ai|ai1
pensés|pensés
de|de
mander|mander
qerre|qerre
ma|ma
suor|suor
ensionan|ensionan
en|en
grese|grese
.|.
et|et
,|,
c’|c’
il|il2
avient|avient
q’|q’1
il|il
la|la1
m’|m’
en|en2
voillent|voillent
rendre|rendre
,|,
de|de
part|part
diex|diex3
soit|soit
;|;
et|et
se|se2
rendre|rendre
ne|ne
la|la1
me|me
voudront|voudront
,|,
si|si
penserons|penserons
entre|entre
vos|vos
et|et
mes|mes2
fils|fils1
et|et
moi|moi
et|et
consoillerons|consoillerons
dou|dou
guerroier|guerroier2
ou|ou
dou|dou
laisier|laisier1
"|"
.|.
coment|coment
tos|tos4
loerent|loerent
le|le
conseil|conseil
qe|qe1
li|li
roi|roi
ot|ot1
doné|doné
les|les
fils|fils1
li|li
roi|roi1
et|et
les|les
autres|autres
barons|barons3
qi|qi
au|au
parlement|parlement
estoient|estoient1
loerent|loerent
mult|mult
cestui|cestui3
consoil|consoil1
et|et
distrent|distrent
qe|qe3
ce|ce
estoit|estoit1
bon|bon
afer|afer
sans|sans
targier|targier
.|.
si|si
eslist|eslist
li|li
roi|roi
un|un
sien|sien
barons|barons1
qi|qi
mult|mult
estoit|estoit1
saje|saje
et|et
riche|riche2
et|et
vaillant|vaillant
,|,
et|et
mult|mult
savoit|savoit1
de|de
plait|plait
et|et
de|de
loi|loi
,|,
qi|qi
athenor|athenor
estoit|estoit2
apellés|apellés
.|.
celui|celui2
apella|apella
li|li
roi|roi
et|et
dist|dist
en_tel_mainiere|en_tel_mainiere
:|:
"|"
biau|biau
sire|sire
athenor|athenor
,|,
aler|aler
vos|vos
convient|convient
en|en
grese|grese
ma|ma
suor|suor
esionan|esionan
reqerre|reqerre
et|et
demander|demander
de_part|de_part
moi|moi
à|à
celui|celui3
qu’|qu’2
il|il
la|la1
tient|tient
,|,
por|por
tel|tel2
convenant|convenant
:|:
qe|qe3
,|,
c’|c’
il|il
me|me
la|la1
rent|rent1
,|,
qe|qe3
je|je
li|li2
qit|qit
tos|tos1
tors|tors
et|et
tos|tos8
les|les1
hontes|hontes
et|et
les|les
damajes|damajes
q’|q’
il|il1
m’|m’
ont|ont1
fet|fet4
de|de
mon|mon1
pere|pere1
et|et
de|de
ma|ma
mere|mere
et|et
de|de
mes|mes1
suor|suor1
hocire|hocire
,|,
et|et
de|de
ma|ma
gent|gent1
et|et
de|de
ma|ma
terre|terre
q’|q’
il|il1
destruistrent|destruistrent
.|.
si|si
lor|lor4
metés|metés
jor|jor
et|et
terme|terme
dou|dou
rendre|rendre1
et|et
puis|puis
vos|vos1
en|en2
retornés|retornés2
"|"
.|.
coment|coment
athenor|athenor
ala|ala
en|en
grese|grese
por|por
le|le
commandament|commandament
le|le
roi|roi1
et|et
coment|coment
il|il
esploita|esploita
athenor|athenor
respondi|respondi
au|au
roi|roi1
qe|qe3
,|,
puis_qu’|puis_qu’
il|il
le|le9
comande|comande
d’|d’
aler|aler
,|,
il|il
le|le6
fera|fera
à|à
son|son1
poïr|poïr
.|.
si|si
cuide|cuide1
qe|qe3
por|por
mesaje|mesaje1
ne|ne
perdra|perdra
il|il
ja|ja
noiant|noiant2
de|de
sa|sa
besoigne|besoigne
.|.
li|li
roi|roi
l’|l’5
en|en2
mertia|mertia
mult|mult
,|,
puis|puis
li|li2
a|a2
fet|fet6
aparoillier|aparoillier
une|une
mult|mult
riche|riche
nef|nef
.|.
cele|cele
nuit|nuit
se|se
recoilli|recoilli
athenor|athenor
desus|desus
et|et
se|se
mist|mist1
à|à
la|la
voie|voie
.|.
il|il
ot|ot
bon|bon1
vent|vent
et|et
droiturier|droiturier
qi|qi
tost|tost
le|le4
porta|porta
là_où|là_où
il|il
voloit|voloit1
aler|aler
.|.
car|car
,|,
avant_qe|avant_qe
la|la
semaine|semaine
fust|fust3
passee|passee
,|,
ariva|ariva
il|il
ho|ho
sa|sa
nef|nef
à|à
manasse|manasse
,|,
où|où
il|il
trova|trova
pelleus|pelleus1
le|le4
recoilli|recoilli1
bien|bien4
et|et
cortoisement|cortoisement
et|et
sa|sa
gent|gent1
ausi|ausi
;|;
si|si
les|les4
sejorna|sejorna
trois|trois
jors|jors
bien|bien4
et|et
aisieement|aisieement
.|.
et|et
quant|quant
il|il1
orent|orent1
ensi|ensi
sejorné|sejorné
,|,
pelleus|pelleus
,|,
por_ce_q’|por_ce_q’
il|il
savoit|savoit2
q’|q’1
il|il
avoit|avoit1
as|as
troiens|troiens1
grant|grant4
guerre|guerre
,|,
si|si
lor|lor4
demanda|demanda
et|et
enqist|enqist
qi|qi5
·l|·l
aloient|aloient
por|por
cele|cele
contree|contree
chersant|chersant
.|.
athenor|athenor
li|li2
respondi|respondi
et|et
dist|dist
q’|q’1
il|il
estoit|estoit1
mesaje|mesaje
au|au
roi|roi1
priant|priant1
de|de
troie|troie
,|,
"|"
le_qel|le_qel
vos|vos
mande|mande
par|par
moi|moi
qe|qe3
vos|vos1
hardist|hardist
la|la
cité|cité
et|et
li|li2
oceïst|oceïst
son|son1
pere|pere1
et|et
sa|sa
mere|mere
et|et
ses|ses2
serors|serors
entre|entre
vos|vos
et|et
les|les
autres|autres1
gresois|gresois1
.|.
puis_aprés|puis_aprés
si|si2
emmenastes|emmenastes
une|une
sien|sien1
suor|suor
qe|qe
esionan|esionan
est|est2
apellee|apellee
,|,
la_qel|la_qel
talemon|talemon
tient|tient
en|en
servaje|servaje
et|et
en|en
songnantaje|songnantaje
.|.
et|et
por_ce|por_ce
il|il
vos|vos
mande|mande
por|por
moi|moi
qui|qui1
vos|vos1
li|li2
fasois|fasois
sa|sa
suor|suor
rendre|rendre
qitement|qitement
et|et
en|en
pais|pais
,|,
et|et
plus|plus
ne|ne
vos|vos
demande|demande
de|de
tos|tos1
les|les
tors|tors
que|que1
fet|fet4
li|li2
avés|avés
,|,
de|de
qoi|qoi
il|il
vos|vos
avroit|avroit
mult|mult
à|à
demander|demander
,|,
ains|ains
vivra|vivra
ho|ho
vos|vos
en|en
bone|bone
pes|pes
"|"
.|.
quant|quant
pelleus|pelleus
hot|hot
entendus|entendus
se_qe|se_qe
athenor|athenor
li|li2
disoit|disoit
,|,
il|il
respondi|respondi
mult|mult
iriement|iriement
en_tel_mainiere|en_tel_mainiere
:|:
"|"
vasal|vasal
,|,
fist|fist
il|il
,|,
de|de
ce_qe|ce_qe
vos|vos1
me|me
reqerrés|reqerrés
de|de
vostre|vostre1
seignor|seignor
priant|priant1
,|,
que|que1
vos|vos1
tenés|tenés
à|à
roi|roi1
,|,
vos|vos
respont|respont
qe|qe3
je|je
nen|nen
ai|ai
qe|qe1
fere|fere
ne|ne1
ja|ja
por|por
moi|moi
nen|nen
avra|avra
ce_q’|ce_q’
il|il
demanda|demanda
.|.
à|à
vos|vos
,|,
qe|qe
sa|sa2
est|est3
venus|venus1
,|,
me|me
tiengne|tiengne
par_mult_poi_qe|par_mult_poi_qe
je|je
ne|ne
vos|vos
fais|fais
destruire|destruire
dou|dou
cors|cors
.|.
alés|alés3
tost|tost
devant|devant1
moi|moi
,|,
ne|ne1
plus|plus
ne|ne
i|i
repairés|repairés
.|.
et|et
se|se2
priant|priant
vos|vos
i|i
mandra|mandra
plus|plus
jamés|jamés
por|por
autre_tel|autre_tel
mesaje|mesaje1
,|,
nen|nen
atendés|atendés
retorner|retorner
jamés|jamés
à|à
troie|troie
"|"
.|.
coment|coment
athenor|athenor
ala|ala
à|à
salemine|salemine
à|à
talemon|talemon1
dire|dire
son|son1
mesaje|mesaje1
athenor|athenor
ne|ne
demora|demora
plus|plus
entre|entre
lui|lui
et|et
sa|sa
conpaignie|conpaignie
ains|ains
se|se1
mistrent|mistrent
de_denz|de_denz
lor|lor2
nef|nef
à|à
mult|mult
grant|grant4
haste|haste
.|.
si|si
furent|furent4
mult|mult
aleigre|aleigre2
quant|quant
il|il1
furent|furent1
recoillis|recoillis1
.|.
li|li
vent|vent1
estoit|estoit1
adonc|adonc
bon|bon
et|et
soëf|soëf
,|,
si|si
se|se1
mistrent|mistrent
à|à
sigler|sigler
à|à
ploines|ploines
voilles|voilles
,|,
en_tel_mainiere_q’|en_tel_mainiere_q’
il|il1
passerent|passerent
toute|toute
la|la
riviere|riviere
de|de
boëces|boëces
,|,
qi|qi
en|en
grese|grese
estoit|estoit
.|.
il|il1
ariverent|ariverent
de_dens|de_dens
les|les
dui|dui
jors|jors
à|à
salemine|salemine
,|,
là_où|là_où
li|li
roi|roi
talemon|talemon
demoroit|demoroit
.|.
et|et
quant|quant
il|il1
furent|furent1
au|au
port|port
arivés|arivés3
,|,
il|il1
enquistrent|enquistrent
où|où
talemon|talemon
estoit|estoit
.|.
cels|cels
cui|cui
il|il1
en|en2
demanderent|demanderent1
lor|lor4
distrent|distrent
qe|qe3
là|là
le|le4
trovera|trovera
qi|qi
à|à
lui|lui
voudra|voudra
parler|parler
.|.
lor|lor3
s’|s’
aparoilla|aparoilla
athenor|athenor
entre|entre
lui|lui
et|et
sa|sa
conpaignie|conpaignie
mult|mult
enveusieement|enveusieement
,|,
il|il1
monterent|monterent
sor|sor
riches|riches2
palefroins|palefroins
,|,
si|si
s’|s’1
en|en2
alerent|alerent1
vers|vers
la|la
cité|cité
.|.
et|et
quant|quant
il|il1
furent|furent1
à|à
la|la
cité|cité
venus|venus1
et|et
entrés|entrés
dedenz|dedenz1
,|,
ill|ill
alerent|alerent
por|por
les|les1
rues|rues
amont|amont
jusque|jusque
au|au
grant|grant1
palais|palais
,|,
là_où|là_où
talemon|talemon
estoit|estoit
.|.
puis_q’|puis_q’
il|il1
furent|furent1
au|au
palais|palais
venus|venus1
,|,
si|si
enqistrent|enqistrent
là_où|là_où
talemon|talemon
estoit|estoit
,|,
qi|qi
adonc|adonc
estoit|estoit
de_sous|de_sous
un|un
arbre|arbre
de|de
ciprés|ciprés
de_denz|de_denz
un|un
biau|biau1
versier|versier
qi|qi
mult|mult
getoit|getoit
grant|grant1
odor|odor
.|.
il|il
estoit|estoit3
asis|asis
sor|sor
un|un
riche|riche3
tapit|tapit
d’|d’
espaigne|espaigne
soutilment|soutilment
hovrés|hovrés2
;|;
il|il
estoit|estoit1
vestus|vestus2
et|et
ahornés|ahornés
à|à
guise|guise
de|de
roi|roi1
;|;
devant|devant1
lui|lui
avoit|avoit1
il|il
adonc|adonc
c|c
chevaliers|chevaliers3
de|de
plus|plus
prosiés|prosiés
de|de
sa|sa
maisnee|maisnee
.|.
et|et
quant|quant
anthenor|anthenor
fu|fu2
devant|devant1
lui|lui
venus|venus
,|,
il|il
le|le4
salua|salua
mult|mult
sajement|sajement
.|.
li|li
roi|roi
talemon|talemon
li|li2
rendi|rendi
son|son1
salu|salu
mult|mult
cortoisement|cortoisement
,|,
ai|ai
le|le4
fist|fist1
aseoir|aseoir
devant|devant1
lui|lui
.|.
et|et
quant|quant
anthenor|anthenor
fu|fu2
ensi|ensi
asis|asis
,|,
il|il
parla|parla
en_tel_mainiere|en_tel_mainiere
:|:
"|"
biau|biau
sire|sire
talemon|talemon
,|,
li|li
roi|roi
priant|priant
de|de
troie|troie
,|,
à|à
cui|cui
je|je
sui|sui
,|,
vos|vos
manda|manda
par|par
moi|moi
qe|qe3
li|li2
rendois|rendois
sa|sa
suor|suor
esionan|esionan
,|,
laquels|laquels
vos|vos1
avés|avés
tenue|tenue2
lonc|lonc
tens|tens1
en|en
soignantaje|soignantaje
,|,
car|car
encore|encore
la|la1
voudra|voudra
marier|marier
autement|autement
.|.
si|si
vos|vos
mande|mande
par|par
moi|moi
q’|q’1
il|il2
ne|ne
se|se
conviens|conviens
pas|pas
à|à
fille|fille
de|de
roi|roi1
estre|estre
en|en
songnantaje|songnantaje
tenue|tenue
.|.
por|por
quoi|quoi
je|je
vos|vos
di|di
qe|qe3
,|,
se|se2
vos|vos1
la|la1
li|li2
rendés|rendés
,|,
vos|vos1
ferés|ferés
qe|qe5
saje|saje
et|et
cortois|cortois
,|,
puis_q’|puis_q’
il|il
la|la1
vos|vos
demande|demande
si|si
cortoisement|cortoisement
"|"
.|.
coment|coment
talemon|talemon
respondi|respondi
athenor|athenor1
hontosement|hontosement
talemon|talemon
a|a2
mult|mult
bien|bien4
entendus|entendus
tot_ce_qe|tot_ce_qe
athenor|athenor
li|li2
a|a2
dit|dit4
,|,
si|si
en|en2
fu|fu
durement|durement
iriés|iriés
.|.
il|il
comensa|comensa
à|à
sorire|sorire
de|de
grant|grant4
fellonie|fellonie
q’|q’
il|il
avoit|avoit
,|,
puis|puis
respondi|respondi
en|en
tel|tel6
mainere|mainere
:|:
"|"
vasal|vasal
,|,
fist|fist
il|il
,|,
je|je
ne|ne
sai|sai
qi|qi4
est|est1
ton|ton
roi|roi
,|,
ne|ne1
jamés|jamés
ne|ne
le|le4
vi|vi
,|,
si_com|si_com
je|je
cuit|cuit1
,|,
ni|ni
à|à
lui|lui
ne|ne
cuit|cuit1
riens|riens
avoir|avoir
à|à
fere|fere
.|.
mes|mes
il|il2
est|est1
bien|bien4
voir|voir
qe|qe3
je|je
,|,
co|co
les|les
autres|autres1
princes|princes
de|de
grese|grese
,|,
fumes|fumes
à|à
troie|troie
por|por
la|la
honte|honte
vengier|vengier
qe|qe1
laomedon|laomedon
avoit|avoit2
fet|fet3
à|à
hercules|hercules1
à|à
son|son1
port|port
.|.
si|si
vos|vos
di|di
qe|qe3
nos|nos
vengiames|vengiames
cele|cele
onte|onte
,|,
car|car
nos|nos
preïmes|preïmes
la_qel|la_qel
hercules|hercules
me|me
dona|dona
por|por
loier|loier
de|de
ma|ma
victoire|victoire
,|,
car|car
je|je
fui|fui3
celui_qe|celui_qe
premierement|premierement
entrai|entrai
de_denz|de_denz
la|la
cité|cité
.|.
la|la
pulcelle|pulcelle
ai|ai
je|je
encore|encore
et|et
la|la1
tieng|tieng
et|et
la|la1
terrai|terrai
,|,
et|et
l’|l’4
aim|aim
et|et
l’|l’4
amerai|amerai
tot|tot3
le|le
jor|jor
de|de
ma|ma
vie|vie
,|,
se|se4
cuit|cuit
,|,
sans|sans
doner|doner
-le|-le
à|à
nullui|nullui
,|,
por_ce_qe|por_ce_qe
à|à
honte|honte
me|me
seroit|seroit
atornee|atornee1
se|se2
je|je
ensi|ensi
rendoie|rendoie
le|le
loier|loier
de|de
ma|ma
victoire|victoire
recreanment|recreanment
.|.
à|à
vos|vos
di|di
je|je
en_tel_mainiere_qe|en_tel_mainiere_qe
,|,
se|se2
vos|vos1
ne|ne
fustes|fustes
mesajer|mesajer
,|,
je|je
feroie|feroie
jostice|jostice
de|de
vostre|vostre1
cors|cors
.|.
hosté|hosté
vos|vos
devant|devant1
moi|moi
tot_maintenant|tot_maintenant
,|,
et|et
bien|bien4
gardés|gardés1
qe|qe3
vos|vos1
ne|ne
soiés|soiés
trovés|trovés
de_denz|de_denz
ma|ma
terre|terre
de|de
si|si2
à|à
troiz|troiz
jors|jors
car|car
,|,
se|se2
trovés|trovés
i|i
fusiés|fusiés
,|,
je|je
ve|ve
feroie|feroie1
honir|honir
de|de
vostre|vostre1
cors|cors
,|,
ensement|ensement
feroie|feroie
à|à
tos|tos1
cels|cels1
q’|q’
il|il
nos|nos1
envoiast|envoiast
"|"
.|.
coment|coment
athenor|athenor
s’|s’
en|en2
ala|ala1
en|en
achaie|achaie
à|à
castor|castor1
et|et
appollus|appollus
son|son1
mesaje|mesaje1
conter|conter
vergogne|vergogne
hot|hot1
athenor|athenor
et|et
paor|paor
mult|mult
grant|grant4
quant|quant
il|il
oï|oï
la|la
response|response
talemon|talemon1
,|,
si|si
se|se
mis|mis4
au|au
repaire|repaire
vers|vers
sa|sa
nef|nef
tot_maintenant|tot_maintenant
et|et
se|se1
mistrent|mistrent
de_denz|de_denz1
.|.
adonc|adonc
estoit|estoit1
la|la
mer|mer
dous|dous
et|et
soëf|soëf1
et|et
le|le
vent|vent1
bon|bon
et|et
verais|verais2
,|,
qi|qi
tost|tost
le|le5
mist|mist
en|en
aute|aute
mer|mer
.|.
il|il1
nagerent|nagerent
et|et
siglerent|siglerent
tant_q’|tant_q’
il|il1
vindrent|vindrent
en|en
achaie|achaie
,|,
là_où|là_où
il|il
trova|trova
castor|castor1
et|et
apollus|apollus1
,|,
à|à
cui|cui
athenor|athenor
conta|conta
tot|tot3
son|son1
mesaje|mesaje1
sanz|sanz
riens|riens
fauser|fauser
.|.
castor|castor
et|et
pollus|pollus1
li|li2
respondirent|respondirent
en|en
tel|tel6
maniere|maniere
q’|q’1
il|il1
nen|nen
avoient|avoient
à|à
priant|priant1
nulle|nulle
riens|riens1
à|à
faire|faire
ni|ni
ne|ne
le|le4
connosoient|connosoient
.|.
bien|bien4
savoient|savoient
il|il1
q’|q’1
il|il1
avoient|avoient
guerre|guerre
ho|ho
les|les
troiens|troiens1
,|,
ni|ni
à|à
lor|lor2
gent|gent1
nen|nen
avoient|avoient
nulle|nulle
comunité|comunité
ne|ne1
nulle|nulle
costumance|costumance
.|.
voirement|voirement
,|,
por|por
le|le2
honte|honte1
qe|qe1
laomedon|laomedon
avoit|avoit2
fet|fet3
à|à
hercules|hercules1
à|à
son|son1
port|port
,|,
fu|fu1
grese|grese
esmeü|esmeü1
dou|dou
vengier|vengier
por|por
qoi|qoi
troie|troie
fu|fu1
mise|mise1
à|à
feu|feu1
et|et
à|à
destrution|destrution
.|.
"|"
se|se2
talemon|talemon
tient|tient
la|la
fille|fille
laomedon|laomedon1
,|,
de|de
part|part
diex|diex3
soit|soit
,|,
que|que
nos|nos
nen|nen
avos|avos
qe|qe4
fere|fere
.|.
alés|alés4
vos|vos
en|en2
,|,
ni|ni
jamés|jamés
por|por
ceste|ceste
acheison|acheison
ne|ne
i|i
retornés|retornés2
,|,
si|si
chier|chier
com|com
vos|vos1
avés|avés1
vostre|vostre2
vie|vie
.|.
car|car
,|,
se|se2
vos|vos1
ou|ou
autres|autres4
i|i
retornerés|retornerés
,|,
cherement|cherement
l’|l’6
achaterés|achaterés
de|de
vostre|vostre1
cors|cors
.|.
si|si
dites|dites1
à|à
celui|celui3
qi|qi
ca|ca1
vos|vos
envoia|envoia
,|,
q’|q’1
il|il
amoit|amoit
poi|poi
vostre|vostre2
vie|vie
"|"
.|.
atant|atant
se|se
parti|parti
athenor|athenor
ho|ho
sa|sa
nef|nef
.|.
la|la
forte|forte
bise|bise
ventoit|ventoit
adonc|adonc
mult|mult
fort|fort
,|,
qi|qi
les|les4
chaca|chaca
par_mi|par_mi
la|la
mer|mer
tant_q’|tant_q’
il|il1
ariverent|ariverent
à|à
pirre|pirre
,|,
là_où|là_où
il|il1
troverent|troverent
li|li
roi|roi1
nestor|nestor
qe|qe
mult|mult
estoit|estoit1
fel|fel
et|et
engrés|engrés
,|,
et|et
mains|mains1
homes|homes1
avoit|avoit2
il|il
ja|ja
à|à
ses|ses2
mains|mains
hocis|hocis2
sans|sans
ce_qu’|ce_qu’
il|il1
li|li2
eüsent|eüsent1
rienz|rienz
forfet|forfet1
.|.
quant|quant
athenor|athenor
fu|fu2
en_luec|en_luec
venus|venus
,|,
il|il
descendi|descendi
de|de
sa|sa
nef|nef
,|,
si|si
ala|ala
devan|devan
lui|lui
:|:
il|il
li|li2
dist|dist
tot|tot3
son|son1
mesaje|mesaje1
sans|sans
riens|riens
fauser|fauser
,|,
ja|ja
por|por
paor|paor
ne|ne
laisa|laisa
.|.
coment|coment
li|li
roi|roi
nestor|nestor1
respondi|respondi
à|à
athenor|athenor1
quant|quant
nestor|nestor1
hoï|hoï
le|le
mesaje|mesaje1
,|,
il|il
fu|fu
corrociéz|corrociéz1
durement|durement
,|,
si|si
comensa|comensa
à|à
mirer|mirer
athenor|athenor1
de_travers|de_travers
mult|mult
enflés|enflés
et|et
fel|fel
et|et
iriéz|iriéz
de|de
grant|grant4
mainiere|mainiere
:|:
"|"
bastart|bastart
,|,
fist|fist
il|il
,|,
fis|fis
à|à
putain|putain
renoiés|renoiés
!|!
je|je
me|me
tieng|tieng1
par_poi_qe|par_poi_qe
je|je
ne|ne
vos|vos
fais|fais
les|les
els|els2
crever|crever
quant|quant
vos|vos1
devant|devant1
moi|moi
hosastes|hosastes
tel|tel2
parlement|parlement
tenir|tenir
.|.
qel|qel
chouse|chouse
ai|ai
je|je
à|à
faire|faire
à|à
vostre|vostre1
roi|roi1
?|?
je|je
nen|nen
ai|ai
à|à
li|li2
amor|amor
ni|ni
pes|pes
ne|ne1
ne|ne
la|la1
vuoil|vuoil1
,|,
car|car
en|en
sa|sa
pes|pes
ne|ne
m’|m’
oseroie|oseroie
je|je
fier|fier
.|.
si|si
aime|aime
je|je
asés|asés
miels|miels
la|la
guerre|guerre
de|de
lui|lui
qe|qe3
la|la
pes|pes
,|,
por_ce_qe|por_ce_qe
fui|fui1
à|à
hocire|hocire
son|son1
pere|pere1
et|et
sa|sa
mere|mere
et|et
ses|ses2
sereors|sereors
ausi|ausi
,|,
et|et
sa|sa
cité|cité
ardoir|ardoir
et|et
degaster|degaster
por|por
la|la
honte|honte
et|et
por|por
le|le
lait|lait2
qe|qe1
son|son
pere|pere
fist|fist2
à|à
nos|nos3
genz|genz
à|à
son|son1
port|port
.|.
alés|alés3
tost|tost
à|à
vostre|vostre1
roi|roi1
,|,
si|si
li|li2
dites|dites1
de_part|de_part
moi|moi
qe|qe3
tot_ce_q’|tot_ce_q’
il|il
a|a2
sa|sa
cité|cité
hovrés|hovrés3
tost|tost
poira|poira
estre|estre
degastés|degastés
et|et
maumis|maumis
s’|s’3
il|il
ne|ne
s’|s’
en|en2
prent|prent
garde|garde
.|.
hor|hor
li|li2
dites|dites1
q’|q’1
il|il
ne|ne
m’|m’
envoie|envoie
jamés|jamés
tel|tel2
messaje|messaje1
car|car
je|je
vos|vos
di|di
qe|qe3
li|li
mesaje|mesaje
i|i
metra|metra
mau|mau1
le|le
pié|pié
.|.
vos|vos1
meïsmes|meïsmes5
eschapés|eschapés
par_mult_poi_que|par_mult_poi_que
je|je
ne|ne
vos|vos
fais|fais
d’|d’
onteuse|onteuse
mort|mort
morir|morir
.|.
alés|alés4
vos|vos
en|en
tantost|tantost
et|et
bien|bien4
vos|vos
gardés|gardés2
qe|qe3
jamés|jamés
ne|ne
soiés|soiés
en|en
ma|ma
terre|terre
trovés|trovés
"|"
.|.
coment|coment
athenor|athenor
ariva|ariva
à|à
troie|troie
athenor|athenor
fu|fu
mult|mult
espaontés|espaontés2
de|de
ce_qe|ce_qe
nestor|nestor1
li|li2
ot|ot1
dit|dit4
,|,
si|si
se|se
parti|parti
de|de
lui|lui
au|au
plus|plus
astivement|astivement
q’|q’1
il|il
puet|puet1
et|et
se|se
recoilli|recoilli
de_dens|de_dens
sa|sa
nef|nef
entre|entre
lui|lui
et|et
sa|sa
conpaignie|conpaignie
,|,
si|si
se|se1
mistrent|mistrent
en|en
mer|mer
.|.
et|et
quant|quant
il|il1
furent|furent
de_des|de_des
la|la
mer|mer
,|,
il|il
lor|lor4
douna|douna
une|une
tenpeste|tenpeste
mult|mult
horible|horible
et|et
pesme|pesme
q’|q’2
il|il
lor|lor4
dura|dura
troi|troi
jors|jors
,|,
dont|dont1
il|il1
cuiderent|cuiderent
tos|tos4
noier|noier
car|car
la|la
mer|mer
estoit|estoit1
mult|mult
enflee|enflee
et|et
le|le
vent|vent1
estoit|estoit1
très|très
fort|fort4
et|et
l’|l’1
air|air
hoscure|hoscure
et|et
noire|noire
por|por
qoi|qoi
il|il1
ne|ne
savoient|savoient
dont|dont1
il|il1
devoient|devoient
aler|aler
.|.
ses|ses
conpaignons|conpaignons
et|et
les|les
mariniers|mariniers
gisoient|gisoient
adens|adens
sor|sor
la|la
nef|nef
si_come|si_come
genz|genz
qi|qi
cuidoient|cuidoient
tot_maintenant|tot_maintenant
morir|morir
.|.
athenor|athenor
ploroit|ploroit
et|et
plaignoit|plaignoit
et|et
plioie|plioie
tos|tos1
les|les
diex|diex
q’|q’1
il|il1
le|le4
deüssent|deüssent
secore|secore
et|et
aidier|aidier
,|,
q’|q’1
il|il
ne|ne
noiast|noiast
en_tel_mainiere|en_tel_mainiere
.|.
et|et
quant|quant
il|il
vint|vint
au|au
chief|chief1
de|de
trois|trois
jors|jors
,|,
la|la
tenpeste|tenpeste
posa|posa
;|;
si|si
nagerent|nagerent
tant_qi|tant_qi
,|,
avant_qe|avant_qe
la|la
semaine|semaine
pasast|pasast
,|,
ariverent|ariverent
il|il1
en|en
lor|lor1
païs|païs
.|.
adonc|adonc
li|li2
vint|vint
à_l_encontre|à_l_encontre
li|li
roi|roi
laomedon|laomedon
ho|ho
grant|grant4
conpaignie|conpaignie
de|de
barons|barons3
et|et
de|de
chevaliers|chevaliers3
de|de
troie|troie
,|,
si|si
le|le4
recoillirent|recoillirent1
à|à
mult|mult
grant|grant4
joie|joie
et|et
à|à
grant|grant4
laësse|laësse
,|,
puis|puis
l’|l’5
enmenerent|enmenerent
de_denz|de_denz
la|la
cité|cité
.|.
athenor|athenor
ala|ala
par|par
les|les
tenples|tenples
de|de
la|la
cité|cité
loer|loer
et|et
mercier|mercier
les|les
diex|diex
de|de
ce_q’|ce_q’
il|il1
les|les4
avoient|avoient1
à|à
sauveté|sauveté
conduit|conduit1
.|.
aprés|aprés1
fist|fist2
athenor|athenor
mult|mult
grant|grant3
sacrifices|sacrifices
as|as
diex|diex
por_ce_qe|por_ce_qe
eschapé|eschapé
l’|l’5
avoient|avoient1
de|de
la|la
grant|grant4
tenpeste|tenpeste
,|,
dont|dont1
il|il
cuida|cuida
veraiement|veraiement
noier|noier
.|.
puis_aprés|puis_aprés
s’|s’
en|en2
ala|ala1
au|au
palais|palais
le|le
roi|roi1
,|,
là_où|là_où
li|li
roi|roi
fist|fist1
faire|faire
mult|mult
grant|grant4
asenblee|asenblee
de|de
chevaliers|chevaliers3
et|et
de|de
barons|barons3
,|,
si|si2
i|i
furent|furent
tos|tos7
ses|ses
filz|filz1
por|por
hoïr|hoïr
le|le
mesaje|mesaje1
qe|qe1
athenor|athenor
avoit|avoit2
de|de
grese|grese
aportés|aportés1
et|et
le|le2
respose|respose
ausi|ausi
,|,
le_qels|le_qels4
athenor|athenor
retraïst|retraïst
et|et
dist|dist
en_tel_mainiere|en_tel_mainiere
.|.
coment|coment
athenor|athenor
conte|conte2
son|son1
mesaje|mesaje1
à|à
priant|priant1
.|.
"|"
roi|roi
priant|priant
,|,
vos|vos1
me|me
mandastes|mandastes
en|en
grese|grese
,|,
à|à
les|les
rois|rois2
et|et
à|à
les|les
princes|princes
et|et
à|à
les|les
aus|aus1
barons|barons3
,|,
por|por
vostre|vostre2
suor|suor
esionan|esionan
reqerre|reqerre
,|,
qe|qe1
talemon|talemon
tient|tient
en|en
songnantage|songnantage
.|.
de|de
quoi|quoi
la|la
paroule|paroule1
est|est2
bien|bien4
seüe|seüe
.|.
je|je
alai|alai
por|por
vostre|vostre1
commandament|commandament
aconplir|aconplir
,|,
mes|mes
je|je
vos|vos
di|di
veraiement|veraiement
qe|qe3
je|je
ai|ai1
esté|esté
maintes|maintes3
fois|fois
qe|qe3
je|je
ai|ai1
cuidiés|cuidiés
morir|morir
en|en
cestui|cestui3
voiaje|voiaje
,|,
ensi_com|ensi_com
vos|vos1
hoïrés|hoïrés
.|.
je|je
alai|alai
premierement|premierement
à|à
pelleus|pelleus1
et|et
li|li2
contai|contai
tot|tot3
mon|mon1
mesaje|mesaje1
mot|mot
à|à
mot|mot
.|.
si|si
vos|vos
di|di
qe|qe3
,|,
quant|quant
il|il
m’|m’
ot|ot1
entens|entens
,|,
il|il
me|me
conjea|conjea
mult|mult
honteusement|honteusement
,|,
si|si
me|me
dist|dist
q’|q’1
il|il
nen|nen
amoit|amoit
ni|ni
ne|ne
voloit|voloit1
pes|pes
avoir|avoir
à|à
vos|vos
ne|ne1
bone|bone
volonté|volonté
.|.
si|si
vos|vos
di|di
qe|qe3
je|je
ne|ne
trovai|trovai
en|en
li|li2
nulle|nulle
riens|riens1
de|de
ce_qe|ce_qe
je|je
qerroie|qerroie
.|.
à|à
moi|moi
dist|dist
il|il
qe|qe3
,|,
se|se2
je|je
ne|ne
me|me
partoie|partoie
tost|tost
devant|devant1
lui|lui
,|,
q’|q’1
il|il
me|me
feroit|feroit2
destruire|destruire
dou|dou
cors|cors
.|.
aprés|aprés1
alai|alai
à|à
salemine|salemine
là_où|là_où
talemon|talemon
estoit|estoit
;|;
et|et
quant|quant
je|je
fui|fui2
devant|devant1
lui|lui
venus|venus
,|,
je|je
le|le4
trovai|trovai
mult|mult
hautement|hautement
ester|ester1
.|.
si|si
li|li2
dist|dist
mon|mon1
mesaje|mesaje1
ensi_com|ensi_com
vos|vos1
me|me
deïstes|deïstes
,|,
mes|mes
il|il
me|me
respondi|respondi
en_tel_mainiere|en_tel_mainiere
q’|q’1
il|il
ne|ne
feroit|feroit
rienz|rienz
por|por
vos|vos
;|;
si|si
me|me
conjea|conjea
mult|mult
honteusement|honteusement
.|.
castor|castor
et|et
apolus|apolus
me|me
distrent|distrent
tot_autretel|tot_autretel
,|,
car|car
il|il1
distrent|distrent
q’|q’1
il|il1
ne|ne
feroient|feroient
riens|riens
par|par
vos|vos
plus_qe|plus_qe
par|par
un|un
chiens|chiens
.|.
il|il
vos|vos
laindengia|laindengia
mult|mult
devant|devant1
moi|moi
.|.
et|et
puis_q’|puis_q’
il|il
m’|m’
ot|ot1
en_tel_mainiere|en_tel_mainiere
conjee|conjee
,|,
je|je
me|me
mis|mis5
en|en
mer|mer
et|et
tant|tant
alai|alai
qe|qe3
je|je
trovai|trovai
nestor|nestor
.|.
à|à
celui|celui3
contai|contai
je|je
mult|mult
ardiement|ardiement
mon|mon1
mesaje|mesaje1
sanz|sanz
rien|rien
celer|celer
,|,
me|me2
je|je
vos|vos
di|di
qe|qe3
por_poi_q’|por_poi_q’
il|il
ne|ne
me|me
fist|fist1
les|les
els|els2
voler|voler
de|de
la|la
teste|teste
et|et
pis|pis
fer|fer1
encor|encor
.|.
à|à
vos|vos
menasa|menasa
il|il
de|de
gaster|gaster
et|et
d’|d’
esillier|esillier
vostre|vostre2
cité|cité
,|,
mes|mes
je|je
vos|vos
di|di
qe|qe3
je|je
nen|nen
oï|oï
onqes|onqes
parler|parler
plus|plus
hergueileus|hergueileus
hom|hom1
de|de
lui|lui
.|.
qe|qe4
vos|vos
iroie|iroie
je|je
contant|contant
?|?
sachés|sachés
qe|qe3
tos|tos7
le|le1
princes|princes1
de|de
grese|grese
ne|ne
vos|vos
prisent|prisent
une|une
qoqille|qoqille
,|,
por|por
quoi|quoi
je|je
vos|vos
di|di
q’|q’1
il|il2
vos|vos
en|en2
convient|convient
bien|bien4
garder|garder
ne|ne1
ne|ne
vos|vos1
i|i
fiés|fiés
pas|pas
.|.
hor|hor
poés|poés
prendre|prendre
consoill|consoill
de|de
vostre|vostre1
afer|afer1
car|car
bien|bien4
vos|vos
besoigne|besoigne1
,|,
por_ce_qe|por_ce_qe
au|au
comencer|comencer
de|de
chouses|chouses
doit|doit
l_on|l_on
garder|garder
la|la
fin|fin
en|en
tel|tel6
guise|guise
qi|qi1
bien|bien4
soit|soit
et|et
qe|qe3
honte|honte
ne|ne
li|li2
aviengne|aviengne
"|"
.|.
coment|coment
li|li
roi|roi
priant|priant
parla|parla
entre|entre
ses|ses2
genz|genz
quant|quant
li|li
roi|roi
priant|priant
ot|ot1
entendus|entendus
se_qe|se_qe
athenor|athenor
li|li2
ot|ot1
dit|dit4
et|et
coment|coment
il|il
avoit|avoit2
desonerés|desonerés
et|et
laidis|laidis
,|,
doulent|doulent
en|en2
fu|fu
outre|outre
mesure|mesure
et|et
corociés|corociés1
.|.
il|il
parla|parla
adonc|adonc
à|à
ses|ses1
homes|homes1
et|et
à|à
ses|ses1
fils|fils1
,|,
si|si
dist|dist
lor|lor4
en_tel_mainiere|en_tel_mainiere
:|:
"|"
biauz|biauz4
seignors|seignors
,|,
fist|fist
il|il
,|,
vos|vos1
avés|avés
bien|bien4
hoï|hoï1
et|et
entendus|entendus
la|la
grant|grant4
honte|honte
et|et
le|le
lait|lait2
qe|qe1
les|les
gresois|gresois2
hont|hont
fet|fet4
à|à
nostre|nostre1
mesaje|mesaje1
et|et
coment|coment
il|il1
nos|nos1
hont|hont
deshonorés|deshonorés
,|,
et|et
coment|coment
il|il1
refusent|refusent
nostre|nostre
pes|pes
et|et
nostre|nostre
acordance|acordance
,|,
et|et
coment|coment
il|il1
nos|nos1
ne|ne
tienent|tienent
por|por
noiant|noiant
.|.
por|por
qoi|qoi
je|je
vos|vos
di|di
qe|qe3
honis|honis1
soumes|soumes2
se|se2
nos|nos
ne|ne
prenons|prenons
autre|autre1
coroi|coroi1
,|,
et|et
por_ce|por_ce
vos|vos1
est|est
si|si2
,|,
et|et
je|je
vos|vos
pri|pri
,|,
tant_com|tant_com
je|je
plus|plus
puis|puis1
,|,
qe|qe3
vos|vos1
consoillés|consoillés
moi|moi
et|et
vos|vos
sor|sor
ceste|ceste
matire|matire
,|,
en|en
tel|tel6
mainere|mainere
qe|qe3
nostre|nostre
honor|honor1
soit|soit2
sauvee|sauvee
et|et
vengiance|vengiance
prise|prise
de|de
la|la
honte|honte
q’|q’
il|il1
nos|nos1
ont|ont1
fet|fet3
.|.
voirement|voirement
,|,
c’|c’
il|il2
vos|vos
plesoit|plesoit
,|,
je|je
loeroie|loeroie
endroit|endroit
moi|moi
qe|qe3
nos|nos
eslisons|eslisons
de|de
nos|nos4
meillor|meillor2
chevaliers|chevaliers3
une|une
qantité|qantité
qi|qi
soient|soient2
bien|bien4
garnis|garnis3
de|de
lor|lor5
armes|armes
et|et
les|les4
envoions|envoions
priveement|priveement
en|en
grese|grese
,|,
la|la
contree|contree
rouber|rouber
et|et
gaster|gaster
.|.
je|je
cuit|cuit1
qe|qe3
se|se2
nos|nos
le|le6
fesons|fesons1
ensi|ensi
,|,
qi|qi
poiront|poiront
ce|ce1
fer|fer1
sans|sans
contredit|contredit
.|.
et|et
puis_aprés|puis_aprés
,|,
se|se2
les|les
gresois|gresois2
ne|ne
vouxissent|vouxissent
de|de
guerre|guerre
asaillir|asaillir
,|,
je|je
vos|vos
di|di
qe|qe3
nos|nos
avons|avons
chevaliers|chevaliers3
et|et
sergant|sergant
mult|mult
à|à
grant|grant4
planté|planté
,|,
si|si
avons|avons
nos|nos
mult|mult
grant|grant4
abandonance|abandonance
de|de
tresor|tresor
,|,
et|et
cité|cité
fort|fort3
et|et
defensable|defensable
et|et
bien|bien4
garnie|garnie1
jusqe|jusqe
au|au
jor|jor
dou|dou
joïse|joïse
.|.
je|je
cuit|cuit1
qe|qe3
se|se2
nos|nos
ensi|ensi
le|le6
fesons|fesons1
,|,
qe|qe3
nostre|nostre
grant|grant4
honte|honte
en|en2
sera|sera1
vengee|vengee
,|,
de|de
quoi|quoi
vostre|vostre6
hoir|hoir
avront|avront
mult|mult
grant|grant1
henor|henor
et|et
grant|grant4
gloire|gloire
.|.
toutes_fois|toutes_fois
vos|vos
pri|pri
je|je
qe|qe3
vos|vos1
m’|m’
en|en2
diois|diois
vostre|vostre1
coraje|coraje
"|"
.|.
toutes|toutes1
ses|ses
fils|fils
et|et
tos|tos7
les|les
barons|barons2
et|et
tos|tos7
les|les
chevaliers|chevaliers2
qi|qi
au|au
consoil|consoil1
estoient|estoient1
loerent|loerent
mult|mult
la|la
pensee|pensee
le|le
roi|roi1
et|et
son|son1
dit|dit9
,|,
car|car
nuls|nuls3
n’|n’
i|i
ot|ot2
qi|qi
contredeïst|contredeïst
,|,
ains|ains
s’|s’1
escrierent|escrierent
tos|tos4
à|à
une|une
vois|vois1
:|:
"|"
ensi|ensi
soit|soit
com|com
vos|vos1
avés|avés
devisés|devisés
"|"
.|.
coment|coment
li|li
roi|roi
priant|priant
parla|parla
à|à
hector|hector
et|et
à|à
ses|ses1
autres|autres1
filz|filz
li|li
roi|roi1
hot|hot1
mult|mult
bone|bone
volonté|volonté
et|et
grant|grant4
joie|joie
de|de
ce_q’|ce_q’
il|il
voit|voit
ses|ses1
hommes|hommes
si|si
volontos|volontos1
de|de
vengiance|vengiance
prendre|prendre
de|de
ses|ses1
henemis|henemis
et|et
de|de
fere|fere
son|son1
gré|gré
.|.
adonc|adonc
parla|parla
il|il
à|à
hector|hector
,|,
si|si
li|li2
dist|dist
en_tel_mainiere|en_tel_mainiere
:|:
"|"
biau|biau
fiz|fiz
,|,
vos|vos1
serés|serés
chevetaine|chevetaine
et|et
condusierés|condusierés
de|de
ceste|ceste
gent|gent1
,|,
et|et
il|il1
seront|seront2
tos|tos4
à|à
vos|vos
apendant|apendant
.|.
si|si
seront|seront2
ausi|ausi
vostre|vostre6
freres|freres
,|,
car|car
il|il1
feiront|feiront
tos|tos2
vostre|vostre1
commandement|commandement
,|,
por_ce_qe|por_ce_qe
je|je
croi|croi
qe|qe3
vos|vos1
le|le5
savrés|savrés
bien|bien4
guier|guier
et|et
gobverner|gobverner
"|"
.|.
puis|puis
parla|parla
li|li
roi|roi
à|à
ses|ses1
fils|fils1
et|et
li|li4
dist|dist
:|:
"|"
je|je
connois|connois
et|et
voi|voi
selonc|selonc
mon|mon1
esient|esient
qe|qe3
mult|mult
ai|ai1
fet|fet2
en|en
vos|vos
mult|mult
bone|bone
noriture|noriture
,|,
car|car
biauz|biauz4
vos|vos
voi|voi
et|et
preuz|preuz2
et|et
hardis|hardis2
et|et
sajes|sajes1
et|et
cortois|cortois1
.|.
por_ce|por_ce
dorrai|dorrai
à|à
ciascune|ciascune1
bone|bone
conpaignie|conpaignie
et|et
grant|grant4
:|:
si|si
pense|pense
chascun|chascun1
de|de
guier|guier
-la|-la
en_tel_mainiere_q’|en_tel_mainiere_q’
il|il1
nen|nen
aient|aient
cheison|cheison
ne|ne1
raison|raison
de|de
vos|vos
blasmer|blasmer
,|,
ne|ne1
qe|qe3
il|il1
nen|nen
aillent|aillent
cherser|cherser
autres|autres3
seignor|seignor
"|"
.|.
ses|ses
fils|fils
li|li2
respondirent|respondirent
qu’|qu’
il|il1
feront|feront
son|son1
plaisir|plaisir
et|et
son|son1
commandement|commandement
.|.
puis_qu’|puis_qu’
il|il1
li|li2
orent|orent1
ensi|ensi
respondus|respondus
,|,
li|li
roi|roi
lor|lor4
dist|dist
:|:
"|"
je|je
vos|vos
di|di
ensi|ensi
:|:
qe|qe3
vos|vos1
soiés|soiés1
vaillant|vaillant
et|et
preus|preus
as|as
armes|armes
porter|porter
car|car
,|,
qi|qi
le|le6
fera|fera
ensi|ensi
,|,
celui|celui2
sera|sera3
mon|mon
fis|fis
;|;
à|à
celui|celui3
sera|sera1
abandonés|abandonés
tot|tot9
qanqe|qanqe
je|je
avrai|avrai
,|,
à|à
fer|fer1
son|son1
plaisir|plaisir
.|.
hector|hector1
sera|sera3
vostre|vostre
chevetaine|chevetaine
et|et
à|à
lui|lui
serés|serés
apendant|apendant
.|.
et|et
je|je
pri|pri
tos|tos1
les|les
diex|diex
q’|q’1
il|il1
vos|vos
gardent|gardent1
et|et
q’|q’1
il|il1
vos|vos
doinent|doinent
victoire|victoire
sor|sor
vostre|vostre7
henemis|henemis
"|"
.|.
coment|coment
hector|hector1
respondi|respondi
au|au
roi|roi1
son|son1
pere|pere1
hector|hector1
respondi|respondi
au|au
roi|roi1
son|son1
pere|pere1
mult|mult
sajement|sajement
en_tel_mainiere|en_tel_mainiere
:|:
"|"
sire|sire
,|,
je|je
sui|sui1
aparoillés|aparoillés4
de|de
faire|faire
vostre|vostre1
plaisir|plaisir
et|et
tot|tot3
vostre|vostre1
commandement|commandement
por|por
qoi|qoi
je|je
puisse|puisse
vostre|vostre7
bons|bons1
conplir|conplir
.|.
et|et
je|je
pri|pri
tot|tot1
les|les
diex|diex
q’|q’1
il|il1
vos|vos
en|en2
doinent|doinent
à|à
bon|bon1
chief|chief1
venir|venir
,|,
en_tel_mainiere|en_tel_mainiere
qe|qe3
nostre|nostre
vengiance|vengiance
soit|soit2
prise|prise
à|à
nostre|nostre
henor|henor
ni|ni
qe|qe3
l’|l’
oïr|oïr
de|de
nostre|nostre4
henemis|henemis
ne|ne
saillent|saillent
de|de
nos|nos1
gabant|gabant
.|.
car|car
bien|bien4
s’|s’1
en|en2
porront|porront
gaber|gaber
se|se2
l’|l’
afer|afer
remanoit|remanoit
ensi|ensi
sans|sans
vengier|vengier
la|la
grant|grant4
onte|onte
q’|q’
il|il1
nos|nos1
hont|hont
fet|fet3
.|.
je|je
endroit|endroit
vos|vos
di|di
qe|qe3
mult|mult
ai|ai
grant|grant4
volonté|volonté
d’|d’
esaier|esaier
moi|moi
contr’|contr’
els|els1
en|en
bataille|bataille
,|,
mes|mes
nos|nos
devons|devons1
tos|tos7
avant|avant
penser|penser
coment|coment
se|se
soit|soit2
fet|fet8
si|si
sajement|sajement
et|et
si|si
hordeneement|hordeneement
qe|qe3
nos|nos
i|i
avons|avons
henor|henor
,|,
por_ce_qe|por_ce_qe
l_en|l_en
doit|doit
tel|tel6
chouse|chouse
comensier|comensier
de|de
qoi|qoi
il|il
puisse|puisse1
à|à
bon|bon1
chief|chief1
venir|venir
car|car
,|,
se|se2
nos|nos
le|le6
commensons|commensons
en_tel_mainiere|en_tel_mainiere
,|,
nos|nos
serons|serons
honis|honis1
à|à
tot|tot1
jors|jors
més|més
por_ce_qe|por_ce_qe
follie|follie
seroit|seroit1
de|de
tel|tel6
chouse|chouse
comensier|comensier
qe|qe1
nos|nos
ne|ne
poisons|poisons
à|à
bon|bon1
chief|chief1
trere|trere
.|.
nos|nos
savons|savons
qe|qe3
les|les
gresois|gresois2
sont|sont1
mult|mult
vaillant|vaillant
gent|gent1
et|et
mult|mult
puissant|puissant1
et|et
mult|mult
fort|fort3
,|,
et|et
avec|avec
se|se4
ont|ont
il|il1
mult|mult
grant|grant4
seignorie|seignorie
car|car
il|il1
ont|ont
toute|toute
europe|europe
en|en
lor|lor2
subesion|subesion
,|,
qi|qi
est|est1
de|de
tot|tot3
le|le
monde|monde1
la|la
tierse|tierse
partie|partie
,|,
là_où|là_où
il|il
a|a1
toute|toute
la|la
meillor|meillor3
chevalerie|chevalerie
dou|dou
monde|monde1
et|et
la|la
miels|miels
guerroiant|guerroiant
,|,
car|car
il|il1
ne|ne
font|font
tot|tot1
jors|jors
autre|autre10
qe|qe3
gerroier|gerroier
et|et
en|en
se|se4
se|se1
delitent|delitent
ni|ni
autre|autre1
labor|labor
ne|ne
font|font
.|.
cels|cels
poiront|poiront
il|il1
en|en
ost|ost
mener|mener
à|à
lor|lor2
volonté|volonté
.|.
si|si
ont|ont
encore|encore
cels|cels
d’|d’
age|age
,|,
qe|qe
tot|tot1
jors|jors
vuelent|vuelent1
estre|estre2
à|à
chevals|chevals
et|et
guerroier|guerroier
,|,
car|car
il|il
nen|nen
ont|ont
cure|cure
d’|d’
ais|ais2
ni|ni
de|de
delit|delit
ni|ni
de|de
repos|repos
.|.
et|et
por_ce|por_ce
pensés|pensés1
et|et
esgardés|esgardés1
qe|qe4
vos|vos1
volés|volés
faire|faire
.|.
si|si
sachés|sachés
qe|qe3
,|,
ce_qe|ce_qe
vos|vos
di|di3
,|,
ne|ne
di|di3
je|je
ja|ja
por|por
coardie|coardie
ne|ne1
por_ce_qe|por_ce_qe
je|je
voille|voille
qe|qe3
l’|l’
afer|afer
remaigne|remaigne
ensi|ensi
.|.
si|si
vos|vos
di|di
aprés|aprés1
qe|qe3
nos|nos
nen|nen
avons|avons
navie|navie
por|por
els|els1
guerroier|guerroier
ni|ni
les|les2
aparoil|aparoil3
qi|qi
à|à
ce|ce1
convient|convient
.|.
et|et
por_ce|por_ce
,|,
biau|biau
pere|pere
,|,
en|en2
fet|fet1
il|il
bon|bon1
consoillier|consoillier
por_ce_qe|por_ce_qe
l_en|l_en
puisse|puisse1
l’|l’1
ovre|ovre
mener|mener
à|à
bone|bone
fin|fin
à|à
honors|honors
de|de
nos|nos1
et|et
nostre|nostre1
hoir|hoir
,|,
car|car
ensi|ensi
le|le4
desi|desi
je|je
sor|sor
tos|tos1
homes|homes1
vivant|vivant
"|"
.|.
coment|coment
parla|parla
et|et
narra|narra
paris|paris1
d’|d’
aler|aler1
en|en
gres|gres
guerroier|guerroier
.|.
à|à
celui|celui3
parlement|parlement
hot|hot1
maintes|maintes3
guises|guises
,|,
mes|mes
je|je
ne|ne
vos|vos
vuoil|vuoil
tos|tos10
retrere|retrere
ni|ni
dire|dire
por_ce_qe|por_ce_qe
trop|trop
seroit|seroit1
longue|longue
nostre|nostre
matire|matire
.|.
mes|mes
je|je
vos|vos
dirai|dirai
coment|coment
paris|paris1
parla|parla
adonc|adonc
.|.
"|"
biau|biau
sire|sire
,|,
fist|fist
il|il
,|,
entendés|entendés
à|à
moi|moi
.|.
je|je
ne|ne
vos|vos
vuoil|vuoil
trop|trop
paroules|paroules
dir|dir
ne|ne1
trop_de|trop_de
chouse|chouse
retrere|retrere
,|,
mes|mes
je|je
vos|vos
di|di
qe|qe3
tos|tos1
les|les
autres|autres
dis|dis1
ne|ne
pris|pris3
je|je
noiant|noiant
for|for
ce_qe|ce_qe
je|je
dirai|dirai2
.|.
sachés|sachés
,|,
biau|biau
sire|sire
,|,
qe|qe3
nos|nos
avons|avons
mult|mult
bon|bon5
chevaliers|chevaliers3
et|et
vaillans|vaillans
,|,
et|et
autre|autre4
bone|bone
gens|gens
asés|asés
.|.
aprés|aprés1
avons|avons
la|la
plus|plus
forte|forte
cité|cité
qi|qi
soit|soit
en|en
cestui|cestui3
ciecle|ciecle
,|,
car|car
elle|elle
ne|ne
crient|crient
rienz|rienz
vivant|vivant
por_ce_q’|por_ce_q’
elle|elle
est|est1
plantivose|plantivose
de|de
tot|tot1
biens|biens
dou|dou
monde|monde1
et|et
bien|bien4
garnie|garnie1
.|.
si|si
vos|vos
di|di
qe|qe3
je|je
sai|sai
qe|qe3
,|,
se|se2
nos|nos
asaudrons|asaudrons
nos|nos4
henemis|henemis
,|,
qe|qe3
nos|nos
avrons|avrons1
victoire|victoire
sor|sor
els|els1
.|.
et|et
por_ce|por_ce
soit|soit2
la|la
navie|navie
aparoilliee|aparoilliee1
delivrement|delivrement
por|por
envoier|envoier
en|en
grese|grese
,|,
car|car
je|je
vos|vos
di|di
qe|qe3
victoire|victoire
avrons|avrons1
.|.
et|et
savés|savés
vos|vos1
coment|coment
je|je
le|le6
sai|sai
?|?
je|je
les|les6
vos|vos
dirai|dirai2
tot_maintenant|tot_maintenant
.|.
je|je
estoie|estoie
,|,
fist|fist
paris|paris1
,|,
le|le
premier|premier
jor|jor
de|de
mai|mai
,|,
alés|alés5
chasier|chasier
en|en
la|la
inde|inde
maior|maior
,|,
si|si
chasoie|chasoie
adonc|adonc
un|un
cerf|cerf
.|.
tot|tot3
jor|jor
les|les4
chaserent|chaserent
mes|mes4
chiens|chiens1
mes|mes
prendre|prendre
ne|ne
le|le4
porent|porent1
.|.
le|le
chaut|chaut
estoit|estoit1
adonc|adonc
mult|mult
car|car
la|la
bise|bise
ne|ne
ventoit|ventoit
point|point
,|,
lor|lor3
trovai|trovai
mes|mes2
chaseors|chaseors
et|et
mes|mes2
chens|chens
en|en
la|la
vaille|vaille
titareens|titareens
,|,
delés|delés
la|la
fontaine|fontaine
oriens|oriens
boivre|boivre
.|.
si|si
vos|vos
di|di
qe|qe3
je|je
vos|vos
m’|m’
endormi|endormi
adonc|adonc
de_sous|de_sous
un|un
arbre|arbre
,|,
car|car
avant|avant
ne|ne
poi|poi1
aler|aler
.|.
quant|quant
je|je
fui|fui2
endormi|endormi1
,|,
si|si
me|me
vint|vint
adonc|adonc
en|en
avision|avision
le|le
diex|diex2
mercur|mercur
,|,
qi|qi
troiz|troiz
deese|deese
mena|mena
ho|ho
lui|lui
:|:
l’|l’1
une|une1
estoit|estoit1
venus|venus2
et|et
l’|l’1
autre|autre8
estoit|estoit1
juno|juno
,|,
la|la
tierce|tierce1
estoit|estoit1
menerve|menerve
.|.
si|si
m’|m’
apella|apella
trois|trois
fois|fois
,|,
puis|puis
me|me
dist|dist
:|:
"|"
paris|paris1
,|,
à|à
moi|moi
entent|entent
.|.
ces|ces5
trois|trois
deesse|deesse1
,|,
qi|qi
ensi|ensi
sont|sont
,|,
sont|sont3
venue|venue2
à|à
toi|toi
por|por
un|un
jugement|jugement
faire|faire
tel_com|tel_com
je|je
te|te
dirai|dirai
.|.
à|à
ses|ses2
trois|trois
deese|deese
fu|fu1
jadis|jadis
une|une
palle|palle
d’|d’
or|or1
donee|donee1
,|,
en|en
la_qel|la_qel
estoient|estoient3
escrit|escrit3
lettres|lettres
en|en
lengue|lengue
gresois|gresois
qi|qi
desoient|desoient
en_tel_mainiere|en_tel_mainiere
:|:
qi|qi4
plus|plus
belle|belle
est|est1
de|de
vos|vos
trois|trois
,|,
si|si
preigne|preigne
la|la
pome|pome
et|et
soit|soit3
soë|soë
qitement|qitement
.|.
de|de
ce|ce1
sont|sont1
elles|elles
en|en
contés|contés2
car|car
ciascune|ciascune1
cuide|cuide1
plus|plus
belle|belle
estre|estre3
,|,
et|et
ciascune|ciascune1
cuide|cuide1
plus|plus
belle|belle
estre|estre3
,|,
et|et
ciascune|ciascune1
la|la
covoite|covoite
d’|d’
avoir|avoir
.|.
je|je
lor|lor4
consoillai|consoillai
et|et
loai|loai
q’|q’1
elle|elle1
venissent|venissent
toi|toi
demander|demander
et|et
ce_qe|ce_qe
tu|tu
lor|lor4
en|en2
dirai|dirai1
soit|soit
,|,
car|car
,|,
celle|celle
qe|qe1
tu|tu
jugerais|jugerais
la|la
plus|plus
belle|belle
,|,
soit|soit3
la|la
pome|pome
qitement|qitement
soit|soit
.|.
la|la
deesse|deesse
hont|hont
mon|mon1
consoill|consoill
hotroié|hotroié
"|"
.|.
je|je
vos|vos
di|di
,|,
fet|fet1
paris|paris1
,|,
qe|qe3
,|,
quant|quant
le|le
diex|diex2
mercur|mercur
hot|hot
ensi|ensi
parlés|parlés
à|à
moi|moi
,|,
les|les1
deesse|deesse1
consoillierent|consoillierent
à|à
moi|moi
ciascune|ciascune1
por|por
soi|soi
ase|ase
groi|groi
,|,
si|si
m’|m’
ofri|ofri
ciascune|ciascune1
par|par
soi|soi
qanqe|qanqe
je|je
voloie|voloie1
avoir|avoir
se|se2
je|je
la|la
pome|pome
li|li3
donoie|donoie
.|.
mes|mes
venus|venus2
m’|m’
ofri|ofri
,|,
se|se2
je|je
la|la1
li|li3
donast|donast
,|,
qe|qe3
je|je
aroie|aroie
feme|feme
de|de
grese|grese
,|,
tot|tot4
la|la
plus|plus
prosié|prosié
et|et
la|la
meillor|meillor3
et|et
la|la
plus|plus
belle|belle
qe|qe3
i|i
soit|soit
;|;
et|et
je|je
,|,
por|por
ceste|ceste
convenant|convenant
,|,
li|li3
otroiai|otroiai
la|la
pome|pome
et|et
la|la
loai|loai
à|à
la|la
plus|plus
belle|belle
de|de
trois|trois
.|.
si|si
vos|vos
di|di
qe|qe3
tot_ce|tot_ce1
fis|fis2
je|je
por|por
la|la
promis|promis1
avoir|avoir
.|.
si|si
devés|devés1
croire|croire
,|,
biau|biau
pere|pere
,|,
qe|qe3
la|la
deesse|deesse
ne|ne
mentiroit|mentiroit
ja|ja
de|de
promise|promise
q’|q’
elle|elle
feïst|feïst
.|.
et|et
por_ce|por_ce
,|,
c’|c’
il|il2
vos|vos
plest|plest
,|,
je|je
irai|irai
en|en
grese|grese
ho|ho
ma|ma
gent|gent1
,|,
si|si
deroberai|deroberai
la|la
contree|contree
et|et
degasterai|degasterai
,|,
et|et
le|le
païs|païs
environ|environ
ausi|ausi
,|,
en_tel_mainiere|en_tel_mainiere
q’|q’1
il|il2
sera|sera3
grant|grant4
henor|henor2
à|à
vos|vos
et|et
à|à
tos|tos1
nos|nos
homes|homes1
"|"
.|.
coment|coment
deiphebus|deiphebus
ala|ala2
parler|parler
devant|devant1
son|son1
pere|pere1
aprés_ce_qe|aprés_ce_qe
paris|paris1
hot|hot
parlés|parlés
en_tel_mainiere_com|en_tel_mainiere_com
je|je
vos|vos
ai|ai1
dit|dit4
,|,
si|si
parla|parla
deifebus|deifebus
et|et
dist|dist
en_tel_mainiere|en_tel_mainiere
,|,
qe|qe3
bon|bon2
li|li2
senbloit|senbloit
ce_qe|ce_qe
paris|paris1
avoit|avoit2
dit|dit4
,|,
et|et
por_ce|por_ce
disoit|disoit
il|il
ensi|ensi
que|que
la|la
navie|navie
fust|fust2
aprestee|aprestee
et|et
aparoillee|aparoillee4
astivement|astivement
.|.
"|"
si|si
lou|lou
en|en
droit|droit1
consoill|consoill
qe|qe3
paris|paris1
i|i
aille|aille
car|car
bien|bien4
cuit|cuit1
,|,
c’|c’
il|il
i|i
vait|vait
,|,
q’|q’1
il|il
i|i
conqerra|conqerra
henor|henor
et|et
pris|pris
.|.
et|et
quant|quant
il|il
sera|sera1
repairiés|repairiés1
,|,
je|je
cuit|cuit1
qe|qe3
les|les
gresois|gresois2
hoïront|hoïront
plus|plus
volontiers|volontiers
parler|parler
de|de
pes|pes
et|et
d’|d’
acordance|acordance
fere|fere
à|à
nos|nos1
et|et
à|à
nostre|nostre
genz|genz1
ausi|ausi
"|"
.|.
coment|coment
parla|parla
helenus|helenus
puis|puis
parla|parla
helenus|helenus
en_tel_mainiere|en_tel_mainiere
.|.
il|il
fu|fu3
tos|tos3
en_estant|en_estant
:|:
"|"
biau|biau
pere|pere
,|,
fist|fist
,|,
entendés|entendés
à|à
moi|moi
car|car
bon|bon1
consoil|consoil1
vos|vos
dorai|dorai
et|et
loial|loial1
et|et
droiturier|droiturier
,|,
car|car
je|je
sai|sai
de|de
deviner|deviner1
et|et
professie|professie
plus_qe|plus_qe
home|home
vivant|vivant
.|.
ce|ce
est|est2
chouse|chouse
provee|provee
car|car
je|je
ne|ne
dis|dis2
jamés|jamés
chouse|chouse
ne|ne1
ne|ne
fis|fis3
à|à
croire|croire
qi|qi
ne|ne
soit|soit1
verage|verage
estee|estee
.|.
et|et
por_ce|por_ce
,|,
biau|biau
pere|pere
,|,
je|je
vos|vos
di|di
qe|qe3
,|,
se|se2
paris|paris1
vait|vait
en|en
grese|grese
et|et
il|il
en|en2
amoine|amoine
feme|feme
,|,
vos|vos1
est|est3
mors|mors1
et|et
toute|toute
vostre|vostre2
gent|gent1
ausi|ausi
,|,
et|et
vostre|vostre2
cité|cité
en|en2
sera|sera1
arse|arse
et|et
confondue|confondue
.|.
et|et
c’|c’
il|il2
nen|nen
est|est
ensi_com|ensi_com
je|je
vos|vos
di|di
,|,
je|je
vuoil|vuoil1
qe|qe3
l_en|l_en
me|me
face|face1
ardoir|ardoir
en|en
feu|feu1
.|.
et|et
por_ce|por_ce
,|,
biau|biau
sire|sire
,|,
je|je
vos|vos
lou|lou
et|et
consoil|consoil4
qe|qe3
paris|paris1
nen|nen
aille|aille
en|en
grese|grese
por_qe|por_qe
,|,
c’|c’
il|il
vait|vait
,|,
mors|mors
soumes|soumes3
,|,
se|se3
ne|ne
ne|ne
puet|puet
faillir|faillir
.|.
si|si
vos|vos
di|di
,|,
biau|biau
pere|pere
,|,
qe|qe3
l_en|l_en
doit|doit
tot|tot3
jor|jor
laisier|laisier
si|si3
dont|dont1
grant|grant
mau|mau
et|et
grant|grant4
destrution|destrution
li|li2
en|en2
puet|puet
avenir|avenir
"|"
.|.
coment|coment
parla|parla
troiellus|troiellus
quant|quant
helenus|helenus
hot|hot
ensi|ensi
parlés|parlés
com|com
je|je
vos|vos
ai|ai1
dit|dit4
,|,
il|il
s’|s’
asist|asist1
maintenant|maintenant
.|.
tos|tos7
cels|cels
qi|qi
au|au
parlement|parlement
estoient|estoient1
taisant|taisant
et|et
qoi|qoi1
car|car
nuls|nuls3
ne|ne
disoit|disoit
mot|mot
.|.
quant|quant
troielus|troielus1
sailli|sailli
en|en
piez|piez
,|,
qi|qi
estoit|estoit1
le|le
menor|menor
fiz|fiz
à|à
roi|roi1
priant|priant1
mes|mes
,|,
selonc_qe|selonc_qe
nos|nos
trovons|trovons
,|,
il|il
estoit|estoit1
preu|preu
et|et
hardis|hardis
et|et
fort|fort4
poi|poi
moins|moins
de|de
hector|hector
son|son1
frere|frere1
,|,
si|si
parla|parla
en_tel_mainiere|en_tel_mainiere
:|:
"|"
mult|mult
me|me
mervoil|mervoil
de|de
tant_de|tant_de
vaillant|vaillant
chevaliers|chevaliers3
com|com
je|je
voi|voi
si_qe|si_qe
si|si
s’|s’1
esmaient|esmaient
por|por
les|les1
paroules|paroules
d’|d’
un|un
prevoire|prevoire
qi|qi
nos|nos1
vuelt|vuelt
fere|fere1
croire|croire
ses|ses2
bunes|bunes
et|et
ses|ses2
mensonges|mensonges
,|,
se|se3
est|est
q’|q’1
il|il
sache|sache2
deviner|deviner
les|les1
chouses|chouses
qi|qi
doivent|doivent
avenir|avenir
.|.
mult|mult
est|est1
fol|fol1
voirement|voirement
qi|qi
le|le6
croit|croit
car|car
je|je
sai|sai
qe|qe3
coardie|coardie
li|li2
fait|fait3
ce|ce1
dire|dire
por_ce_qe|por_ce_qe
prevoire|prevoire1
hont|hont1
tot|tot3
jor|jor
grant|grant1
regart|regart
de|de
poi_de|poi_de
chouse|chouse
.|.
je|je
sui|sui1
celui|celui
qi|qi
dit|dit
q’|q’1
il|il2
ne|ne
fait|fait3
à|à
croire|croire
et|et
qe|qe3
male|male
hont|hont2
ait|ait
qe|qe
croira|croira
.|.
il|il
doit|doit
tot|tot3
jor|jor
penser|penser
de|de
soi|soi
tenir|tenir
à_aise|à_aise
et|et
nos|nos1
laisier|laisier
de|de
cestui|cestui3
fet|fet9
penser|penser
.|.
si|si
aille|aille
por|por
ces|ces1
tenples|tenples
horer|horer
et|et
ne|ne
se|se
travaille|travaille
avec|avec
chevaliers|chevaliers3
car|car
il|il
nen|nen
a|a1
riens|riens
à|à
fer|fer1
ho|ho
els|els1
por_ce_qe|por_ce_qe
les|les1
vies|vies
de|de
prevoirez|prevoirez
ne|ne
s’|s’1
acordent|acordent
à|à
les|les1
vies|vies
de|de
chevaliers|chevaliers3
,|,
car|car
chevaliers|chevaliers2
se|se1
doivent|doivent
tot|tot1
jors|jors
travaillier|travaillier1
por|por
henor|henor
et|et
pris|pris
conqerre|conqerre
et|et
savoir|savoir
,|,
et|et
les|les
prevoir|prevoir
vuelent|vuelent1
reposer|reposer
et|et
estre|estre3
sans|sans
travail|travail
.|.
et|et
por_ce|por_ce
,|,
frans|frans
chevaliers|chevaliers2
,|,
pensons|pensons
de|de
nostre|nostre
grant|grant4
honte|honte
vengier|vengier
qe|qe1
les|les
gresois|gresois2
firent|firent
à|à
nos|nos
ansesors|ansesors1
.|.
et|et
celui_qi|celui_qi
à|à
ce|ce1
ne|ne
pensera|pensera
,|,
de|de
diex|diex3
et|et
de|de
nos|nos1
soit|soit2
il|il
partis|partis2
"|"
.|.
quant|quant
troielus|troielus1
ot|ot1
ensi|ensi
parlés|parlés
,|,
le|le
pueple|pueple
comensa|comensa
tos|tos
à|à
braire|braire
et|et
à|à
crier|crier
et|et
à|à
dire|dire
:|:
"|"
ensi|ensi
le|le6
feisons|feisons1
,|,
ensi|ensi
le|le6
feisons|feisons1
,|,
car|car
bien|bien4
a|a2
dit|dit4
troielus|troielus1
"|"
.|.
tos|tos4
loerent|loerent
que|que
paris|paris1
alast|alast
en|en
grese|grese
et|et
qe|qe3
la|la
navie|navie
soit|soit2
tot_maintenant|tot_maintenant
aparoillee|aparoillee4
.|.
ja|ja
por_ce_qe|por_ce_qe
helenus|helenus
a|a2
dit|dit4
ne|ne
remaindra|remaindra
,|,
verité|verité
ou|ou
mensonge|mensonge
q’|q’
il|il
ait|ait1
dit|dit5
.|.
ensi_com|ensi_com
vos|vos1
avés|avés
hoï|hoï1
,|,
loerent|loerent
qe|qe3
paris|paris1
alast|alast
en|en
grese|grese
,|,
et|et
à|à
ce|ce1
est|est2
consoill|consoill1
pris|pris2
de|de
qoi|qoi
il|il1
furent|furent2
aprés|aprés1
esilliéz|esilliéz
,|,
si_com|si_com
vo|vo
horois|horois
.|.
si|si
ne|ne
parlerent|parlerent
plus|plus
à|à
cele|cele
fois|fois2
.|.
li|li
roi|roi
priant|priant
manda|manda
tot_maintenant|tot_maintenant
deifebus|deifebus1
et|et
paris|paris
en|en
pauoine|pauoine
por|por
chevaliers|chevaliers3
qerre|qerre
.|.
il|il1
alerent|alerent
et|et
qistrent|qistrent
et|et
ajoustrerent|ajoustrerent
tant_de|tant_de
chevaliers|chevaliers3
com|com
il|il1
vostrent|vostrent2
;|;
aprés|aprés1
repairerent|repairerent
arieres|arieres
.|.
puis_aprés|puis_aprés
asenbla|asenbla
li|li
roi|roi
priant|priant
un|un
parlement|parlement
mult|mult
grant|grant1
et|et
mervoilleus|mervoilleus1
,|,
car|car
il|il
ffist|ffist
reqerre|reqerre
tos|tos1
les|les
aus|aus1
homes|homes1
de|de
son|son1
enpire|enpire
et|et
tos|tos1
les|les
plus|plus
sajes|sajes
et|et
les|les
plus|plus
sajes|sajes
et|et
les|les
plus|plus
vaillanz|vaillanz
,|,
por_ce_q’|por_ce_q’
il|il
voloit|voloit1
lor|lor2
volonté|volonté
et|et
lor|lor1
cuor|cuor
savoir|savoir1
.|.
coment|coment
li|li
roi|roi
priant|priant
parla|parla
entre|entre
ses|ses1
homes|homes1
.|.
quant|quant
il|il1
furent|furent1
ensi|ensi
asenblés|asenblés
come|come
li|li
roi|roi
les|les4
fist|fist1
reqerre|reqerre
,|,
le|le
roi|roi
parla|parla
ensi_com|ensi_com
vos|vos1
horois|horois
:|:
"|"
seignor|seignor1
,|,
fist|fist
il|il
,|,
vos|vos1
savés|savés
bien|bien4
coment|coment
les|les
gresois|gresois2
furent|furent
en|en
cestui|cestui3
païs|païs
et|et
coment|coment
il|il1
hocistrent|hocistrent
mon|mon1
pere|pere1
et|et
ma|ma
mere|mere
et|et
me|me1
suor|suor
ausi|ausi
,|,
aprés|aprés1
hocistrent|hocistrent
et|et
detrencherent|detrencherent1
et|et
pristrent|pristrent
et|et
chaserent|chaserent
tot|tot1
les|les
homes|homes1
et|et
le|le3
femes|femes
et|et
les|les
petis|petis
enfans|enfans
qi|qi
adonc|adonc
estoient|estoient1
en|en
troie|troie
;|;
la|la
cité|cité
gasterent|gasterent
et|et
mistrent|mistrent1
à|à
feu|feu1
et|et
à|à
ruine|ruine
,|,
le|le
tresor|tresor
et|et
l’|l’
avoir|avoir1
enporterent|enporterent
tos|tos1
.|.
si|si
savés|savés
qe|qe3
de|de
tot_ce|tot_ce1
nen|nen
est|est2
encore|encore
nulle|nulle
vengiance|vengiance
prise|prise
,|,
et|et
je|je
ne|ne
laiseroie|laiseroie
par|par
nulle|nulle
acheison|acheison
qe|qe3
je|je
ne|ne
l’|l’5
en|en2
preigne|preigne
à|à
mon|mon1
pooir|pooir
ensi_com|ensi_com
vos|vos1
me|me
consoillierés|consoillierés
.|.
encore|encore
savés|savés
coment|coment
il|il1
menerent|menerent
ma|ma
suor|suor
ensionan|ensionan
en|en
servaje|servaje
,|,
qe|qe1
talemon|talemon
a|a2
tenu|tenu
et|et
tient|tient
.|.
laquel|laquel
,|,
je|je
vos|vos
fais|fais
savoir|savoir1
,|,
que|que1
je|je
ai|ai1
demandee|demandee
et|et
reqise|reqise
à|à
talemon|talemon1
et|et
à|à
tos|tos1
les|les
rois|rois2
de|de
grese|grese
q’|q’1
il|il1
la|la1
me|me
deüssent|deüssent
rendre|rendre
por_ce_qe|por_ce_qe
marier|marier
la|la1
voloie|voloie1
.|.
si|si
vos|vos
fais|fais
savoir|savoir1
qe|qe3
por|por
cestui|cestui3
mesaje|mesaje1
fere|fere
i|i
ala|ala
athenor|athenor
.|.
sachés|sachés
q’|q’1
il|il1
ne|ne
voustrent|voustrent
ma|ma
reqeste|reqeste
entendre|entendre
ni|ni
fere|fere
ains|ains
respondirent|respondirent
athenor|athenor1
q’|q’1
il|il1
nen|nen
avoient|avoient
de|de
ce|ce1
noiant|noiant2
à|à
fer|fer1
ne|ne1
q’|q’1
il|il1
ne|ne
prisoient|prisoient
moi|moi
ni|ni
ma|ma
gent|gent1
une|une
qoqille|qoqille
;|;
et|et
miels|miels
voloient|voloient
la|la
guerre|guerre
de|de
moi|moi
qe|qe3
la|la
pes|pes
.|.
aprés|aprés1
ceste|ceste
responsion|responsion
,|,
laidengerent|laidengerent
il|il1
mult|mult
mon|mon1
mesaje|mesaje1
athenor|athenor1
,|,
ciascun|ciascun
par|par
soi|soi
,|,
et|et
mult|mult
li|li2
distrent|distrent
honte|honte
et|et
villanie|villanie
de|de
qoi|qoi
nos|nos
et|et
nostre|nostre3
hoirs|hoirs
en|en2
seroumes|seroumes
à|à
tos|tos1
jors|jors
més|més
deshonorés|deshonorés1
si|si
nen|nen
est|est2
vengiance|vengiance
prise|prise
.|.
hor|hor
vos|vos
vuoil|vuoil
dire|dire
qe|qe3
m’|m’
ont|ont1
consoillés|consoillés1
mes|mes4
fils|fils
sor|sor
ceste|ceste
matire|matire
,|,
et|et
mes|mes4
barons|barons2
.|.
il|il1
m’|m’
ont|ont1
consoillés|consoillés1
qe|qe3
je|je
face|face2
la|la
navie|navie
aparoillier|aparoillier
et|et
qe|qe3
je|je
la|la1
garnisse|garnisse
de|de
nostre|nostre
bone|bone
gens|gens
por|por
envoier|envoier
en|en
grese|grese
vengiance|vengiance
prendre|prendre
de|de
la|la
honte|honte
q’|q’
il|il1
nos|nos1
ont|ont1
fete|fete
.|.
et|et
avec|avec1
,|,
ces|ces2
gens|gens1
m’|m’
ont|ont1
consoillés|consoillés1
qe|qe3
ge|ge
envoie|envoie1
mon|mon1
fis|fis1
paris|paris
.|.
et|et
por_ce|por_ce
,|,
biaus|biaus4
seignors|seignors
,|,
je|je
ne|ne
feroie|feroie
cestui|cestui3
fet|fet9
sans|sans
le|le
vostre|vostre1
consoil|consoil1
et|et
sans|sans
le|le3
vostre|vostre3
volontés|volontés
,|,
por|por
qoi|qoi
je|je
vos|vos
pri|pri
,|,
ausi_com|ausi_com
mes|mes2
amis|amis3
et|et
mes|mes2
feels|feels
,|,
qe|qe3
vos|vos1
me|me
donois|donois
sor|sor
ce|ce1
veraie|veraie1
consoil|consoil1
et|et
droiturier|droiturier
,|,
car|car
je|je
ne|ne
me|me
partirai|partirai
ja|ja
de|de
vostre|vostre1
consoil|consoil1
"|"
.|.
coment|coment
pantus|pantus
,|,
un|un
aute|aute1
barons|barons
le|le
roi|roi1
,|,
parla|parla
pantus|pantus
,|,
un|un
aut|aut
barons|barons
le|le
roi|roi1
priant|priant1
,|,
parla|parla
adonc|adonc
tot|tot4
premierement|premierement
.|.
cestui|cestui2
pantus|pantus
estoit|estoit1
mult|mult
vaillant|vaillant
home|home
et|et
saje|saje
mes|mes
il|il
estoit|estoit1
mult|mult
viels|viels
,|,
si|si
estoit|estoit1
mult|mult
fondés|fondés
de|de
clergie|clergie
.|.
il|il
dist|dist
en_tel_mainiere|en_tel_mainiere
:|:
"|"
biau|biau
sire|sire
roi|roi
,|,
fist|fist
,|,
entendés|entendés
à|à
moi|moi
ce_qe|ce_qe
dire|dire
vos|vos
vuoill|vuoill
.|.
je|je
ne|ne
vos|vos
doi|doi1
celer|celer
en|en
nulle|nulle
guise|guise
ce_qe|ce_qe
cuit|cuit1
et|et
croi|croi
qe|qe3
vos|vos1
aïés|aïés
à|à
fer|fer1
,|,
por|por
quoi|quoi
vostre|vostre2
henor|henor1
ne|ne
soit|soit2
enpiree|enpiree1
ne|ne1
vos|vos1
ne|ne
soiés|soiés
desirités|desirités
,|,
por_ce_qe|por_ce_qe
,|,
se|se2
je|je
le|le6
fesoie|fesoie
,|,
je|je
efraindroie|efraindroie1
mon|mon1
sairement|sairement
et|et
ma|ma
loiauté|loiauté
.|.
il|il2
est|est1
verité|verité
qe|qe3
hoï|hoï2
un|un
mien|mien
pere|pere1
qe|qe
forbiaus|forbiaus
estoit|estoit2
apellés|apellés
,|,
qi|qi
vesqui|vesqui
ccclx|ccclx
anz|anz1
.|.
celui|celui
forbius|forbius
fu|fu
mult|mult
saje|saje
et|et
mult|mult
fondés|fondés
de|de
clergie|clergie
car|car
il|il
sot|sot
tout|tout1
le|le3
set|set1
ars|ars
et|et
por|por
son|son1
grant|grant1
sens|sens
descovri|descovri
il|il
toutes|toutes
les|les1
chouses|chouses
qi|qi
devoient|devoient
avenir|avenir
,|,
et|et
por|por
le|le
devin|devin
enseignement|enseignement
ausi|ausi
.|.
si|si
vos|vos
di|di
qe|qe3
toutes|toutes
les|les1
chouses|chouses
q’|q’
il|il
dist|dist
à|à
son|son1
tens|tens1
toutes|toutes
sont|sont3
avenues|avenues
jusque|jusque
au|au
jor|jor
.|.
si|si
vos|vos
fais|fais
à|à
savoir|savoir1
qe|qe3
celui|celui
forbius|forbius
dist|dist
,|,
quant|quant
il|il
vivoit|vivoit
,|,
qe|qe3
se|se2
paris|paris1
eüst|eüst
feme|feme
de|de
grese|grese
,|,
troie|troie
et|et
tot|tot
l’|l’
enpire|enpire
en|en2
seroit|seroit
desiritee|desiritee
et|et
destruite|destruite
.|.
et|et
por_ce|por_ce
,|,
biau|biau
sire|sire
,|,
qe|qe3
ce|ce
est|est1
verité|verité
,|,
ne|ne
le|le6
tenés|tenés1
en|en
despit|despit
,|,
car|car
veraiement|veraiement
sachés|sachés
qe|qe3
,|,
se|se2
paris|paris1
a|a
feme|feme
de|de
grese|grese
,|,
l’|l’
afer|afer
tos_ensi_com|tos_ensi_com
je|je
vos|vos
di|di
.|.
et|et
por_ce|por_ce
,|,
biau|biau
,|,
je|je
vos|vos
lou|lou
qe|qe3
vos|vos1
le|le6
fasois|fasois1
ensi_com|ensi_com
je|je
vos|vos
dirai|dirai
,|,
ce|ce
est|est
qe|qe3
vos|vos1
ne|ne
mandois|mandois
paris|paris
en|en
grese|grese
et|et
qe|qe3
vos|vos1
gardois|gardois
et|et
maintenois|maintenois1
vostre|vostre1
reigne|reigne
en|en
pes|pes
et|et
en|en
bon|bon1
estat|estat
car|car
,|,
ce|ce2
vos|vos1
autrement|autrement
le|le6
fesois|fesois1
,|,
il|il2
vos|vos
en|en2
poroit|poroit
tos|tos10
mesavenir|mesavenir
,|,
de|de
qoi|qoi
vostre|vostre2
franchise|franchise
seroit|seroit
enpiré|enpiré
malement|malement
.|.
et|et
por_ce|por_ce
,|,
biau|biau
sire|sire
,|,
vos|vos1
provees|provees
car|car
en|en
grant|grant3
perils|perils
volés|volés
enbatre|enbatre
"|"
.|.
quant|quant
pantus|pantus
hot|hot
sa|sa
paroule|paroule1
finee|finee1
,|,
il|il
s’|s’
asist|asist1
.|.
cels_qi|cels_qi
au|au
parlement|parlement
estoient|estoient1
n’|n’
i|i
si|si1
acorderent|acorderent
en|en
nulle|nulle
guise|guise
por_ce_qe|por_ce_qe
fortune|fortune
les|les4
desvioit|desvioit
.|.
si|si
distrent|distrent
au|au
roi|roi1
qe|qe3
sans|sans
targier|targier
il|il
feïst|feïst
de|de
ce|ce1
tot|tot3
son|son1
plaisir|plaisir
et|et
sa|sa
volonté|volonté
car|car
il|il1
estoient|estoient
tos|tos7
aparoillés|aparoillés5
dou|dou
faire|faire
qanqe|qanqe
il|il1
seüsent|seüsent
commander|commander
.|.
li|li
roi|roi
les|les4
enmercia|enmercia
mult|mult
de|de
ceste|ceste2
paroles|paroles
et|et
de|de
ceste|ceste
responce|responce
,|,
si|si
dona|dona
lor|lor4
conjé|conjé
.|.
aprés|aprés1
fist|fist1
li|li
roi|roi
sanz|sanz
targier|targier
qerre|qerre
bons|bons
hovriers|hovriers
asés|asés
por|por
les|les1
nes|nes1
fer|fer1
et|et
aparoillier|aparoillier
.|.
si|si
vos|vos
di|di
qe|qe3
en|en
poi_de|poi_de
tenz|tenz
n’|n’1
orent|orent1
fet|fet5
xxii|xxii
,|,
mult|mult
riches|riches
et|et
mult|mult
bien|bien4
aparoillees|aparoillees
de|de
tot_ce_qe|tot_ce_qe
à|à
cel|cel
nes|nes2
convenoit|convenoit
.|.
puis|puis
les|les4
fist|fist1
li|li
roi|roi
priant|priant
mult|mult
bien|bien4
raenplir|raenplir
de|de
vituailles|vituailles
et|et
de|de
viandes|viandes1
.|.
hector|hector1
ala|ala2
qerre|qerre
genz|genz1
por|por
le|le
païs|païs
,|,
de|de
qoi|qoi
il|il
amena|amena
mult|mult
grant|grant4
abandonance|abandonance
par|par
son|son
por|por
chevaliers|chevaliers3
,|,
les_qels|les_qels
ne|ne
retornerent|retornerent
puis|puis
tos|tos7
arrieres|arrieres
.|.
coment|coment
casandre|casandre
,|,
la|la
fille|fille
au|au
roi|roi1
priant|priant1
,|,
parla|parla
devant|devant1
son|son1
pere|pere1
et|et
devant|devant1
mains|mains1
barons|barons3
.|.
casandre|casandre
,|,
la|la
fille|fille
au|au
roi|roi1
priant|priant1
,|,
estoit|estoit1
mult|mult
saje|saje
ensi_com|ensi_com
dit|dit4
vos|vos
ai|ai1
,|,
et|et
mult|mult
savoit|savoit1
de|de
deviner|deviner1
et|et
de|de
sors|sors1
geter|geter
,|,
et|et
prenoit|prenoit
sovent|sovent
respons|respons
de|de
diex|diex3
.|.
cele|cele
casaindre|casaindre
hot|hot
veü|veü
et|et
coneü|coneü1
por|por
son|son1
savoir|savoir
qe|qe3
,|,
se|se2
paris|paris1
alast|alast
en|en
grese|grese
ho|ho
sa|sa
navie|navie
,|,
qe|qe3
troie|troie
en|en2
seroit|seroit
destruite|destruite
et|et
desritee|desritee
,|,
et|et
se|se3
ne|ne
pooit|pooit2
faillir|faillir
por|por
nulle|nulle
aventure|aventure
.|.
si|si
l’|l’6
avoit|avoit2
moustré|moustré
et|et
dit|dit4
à|à
son|son1
pere|pere1
qe|qe3
,|,
se|se2
paris|paris1
alast|alast
ho|ho
la|la
navie|navie
,|,
mors|mors
estoient|estoient2
tos|tos4
et|et
esilliés|esilliés
.|.
si|si
vos|vos
di|di
qe|qe3
,|,
ce|ce2
elle|elle
fust|fust2
creüe|creüe
,|,
troie|troie
seroit|seroit
encore|encore
entiere|entiere
ensi_com|ensi_com
elle|elle
estoit|estoit1
adonc|adonc
,|,
ne|ne1
la|la
gent|gent1
ne|ne
fust|fust3
pas|pas
morte|morte1
ne|ne1
isilliee|isilliee
.|.
mes|mes
ce_qe|ce_qe
vaut|vaut
fortune|fortune
estoit|estoit1
lor|lor4
contraire|contraire
,|,
qi|qi
ne|ne
le|le6
lor|lor4
soufroit|soufroit
q’|q’1
il|il1
la|la1
creüssent|creüssent
.|.
mes|mes
hore|hore
laisse|laisse
li|li
contes|contes
à|à
parler|parler
de|de
casandre|casandre
por|por
deviser|deviser
comment|comment
paris|paris1
et|et
sa|sa
conpaignie|conpaignie
se|se1
mistrent|mistrent
en|en
mer|mer
por|por
aler|aler
en|en
grese|grese
.|.